"Supplier ID","Who Make Takes In","Deliveried Date ","Deliveried Time"
"7289227","Adolphus Carmine Semarke","2023-03-29 20:25:28.0"
"5146863","Niki Liza Grimmett","2023-05-25 22:01:44.0"
"1691251","Giraldo  Kitchinghan","2022-12-19 05:21:24.0"
"8161703","Aleta Robenia Eneas","2022-07-19 14:32:20.0"
"4409500","Bernice  Dragonette","2023-01-11 07:53:53.0"
"424199","Yovonnda  Pena","2022-10-29 09:19:51.0"
"1186909","Cacilie Myrilla Ralls","2022-06-10 20:30:14.0"
"8534457","Hesther Hedwig Krzyzanowski","2022-11-29 14:10:14.0"
"2639307","Saxe  Merrigans","2022-06-15 10:30:31.0"
"5238522","Robert  Mar","2023-01-24 19:21:51.0"
"721039","Alicia  Fosbraey","2022-09-13 22:01:10.0"
"4993933","Frederik Martin Blune","2023-03-09 08:21:30.0"
"588842","Norean  Davydychev","2022-10-03 16:50:45.0"
"8267196","Matelda  Yeowell","2022-07-13 23:27:21.0"
"6755698","Levon Erich Beachem","2022-12-16 17:15:35.0"
"3861853","Zebulon Kelley Cabrara","2022-09-30 01:27:53.0"
"9668992","Sherrie Casi Sambeck","2023-05-02 22:47:30.0"
"1903049","Kellie Eimile Gargett","2022-07-30 13:31:16.0"
"6512703","Yale Wadsworth Fuzzard","2022-12-22 18:39:02.0"
"8231122","Hayward  McMurty","2023-01-15 05:00:44.0"
"980208","Darla Ranique Hessle","2022-07-11 11:21:04.0"
"3643353","Tucky See Bolin","2022-11-04 18:15:57.0"
"830406","Nicholas Brion Berceros","2023-02-13 20:03:50.0"
"6246005","Chariot  Hutchinson","2022-08-01 12:56:56.0"
"9161790","Theo Jase Coite","2023-01-26 00:15:47.0"
"8779158","Barclay  Cousin","2022-10-15 08:49:29.0"
"2530032","Aleda Ermengarde Gresham","2023-05-11 17:41:09.0"
"6980558","Rubetta Gracia Christy","2022-12-22 04:48:41.0"
"3727670","Jerrie Isis Abramino","2022-09-19 17:29:11.0"
"603611","Jenine  Crowth","2023-02-28 11:22:32.0"
"6287785","Anderson Brnaby Galiford","2022-07-26 23:39:29.0"
"8943053","Maurene Charmain Marte","2022-09-05 02:56:22.0"
"6622555","Paolo Reynolds Stollsteimer","2022-12-20 01:17:08.0"
"5767555","Hulda  Byllam","2022-10-13 02:58:32.0"
"9061539","Phillipe  Vauter","2023-03-01 04:24:43.0"
"3150968","Norah  Bigglestone","2022-06-24 18:01:03.0"
"8081621","Kesley  Tant","2022-10-04 21:46:53.0"
"1723807","Michal Hobey Ordelt","2022-11-15 08:31:13.0"
"1325146","Ranna Catarina O'Caine","2022-07-20 04:33:06.0"
"1415082","Doralyn Malinde Repper","2023-01-21 23:11:21.0"
"3290177","Danita Maurene Northway","2023-03-30 11:21:41.0"
"7780119","Nappie Shalom Vlasenkov","2022-08-16 17:30:27.0"
"6235480","Ginevra Caro Mew","2022-07-12 17:43:40.0"
"7195377","Jesus Tome Saill","2022-07-11 10:13:57.0"
"562439","Clotilda  Radnage","2022-07-09 14:28:53.0"
"3293907","Eleanor Amalea Cressey","2023-04-09 05:53:40.0"
"3038290","Cal Alick Synder","2022-06-17 10:29:04.0"
"3416119","Woodrow Terence Keford","2023-01-25 22:40:55.0"
"3831442","Jade  Dumphrey","2023-02-03 02:34:51.0"
"9015886","Dante  Demann","2022-11-27 18:38:01.0"
"5066305","Darb  Assard","2023-04-05 18:30:30.0"
"8645871","Maud  Annell","2022-10-01 17:31:10.0"
"8532481","Purcell  Fillimore","2023-04-29 03:09:47.0"
"5899064","Erhard Xerxes Troth","2022-12-02 05:47:45.0"
"1356588","Janina Elladine Ambrosini","2022-06-11 10:08:46.0"
"5756554","Claiborne Olin Devonshire","2022-09-04 06:15:06.0"
"6735064","Josefa  Draycott","2023-02-19 22:41:16.0"
"9839310","Francois Laurence Clarke","2023-02-02 10:55:17.0"
"3223693","Rolland Merwin Kinworthy","2023-03-31 12:35:40.0"
"9286205","Jarrid Carce How","2022-12-03 09:28:53.0"
"603722","Clyde  Shellsheere","2023-01-07 18:04:27.0"
"5773520","Brit  Ithell","2023-01-10 02:10:37.0"
"8178268","Sheree Juliette Panswick","2023-02-20 05:08:54.0"
"7325707","Sinclair  Barhems","2023-03-05 06:40:39.0"
"8135260","Vida  McKennan","2022-11-18 14:20:28.0"
"5767224","Cyb Mercedes Kirimaa","2023-03-25 08:14:13.0"
"458966","Griffy  Bedder","2022-09-23 05:13:18.0"
"2820087","Kilian  Conkling","2022-06-18 08:02:13.0"
"7743739","Feliks Lorant Burgisi","2022-07-14 02:30:04.0"
"7085077","Phil Ivonne McNeely","2023-01-18 20:34:09.0"
"8834957","Hannie  Brookz","2023-01-27 01:16:49.0"
"4193336","Kile  Yven","2022-10-15 12:24:05.0"
"6783628","Shanda Annice Moulder","2022-09-03 04:15:48.0"
"3422309","Mathe Gearalt Ennor","2023-05-09 04:43:45.0"
"3581615","Benedicto  Mallia","2022-07-13 12:59:37.0"
"1988854","Reamonn  Carroll","2023-04-14 12:58:49.0"
"2209446","Artie  Winterbotham","2023-01-15 23:54:05.0"
"7678771","Berty  Leipoldt","2022-12-06 13:22:12.0"
"7634942","Edita Druci Burgoyne","2023-04-22 11:21:54.0"
"2639555","Ferdinanda Chiquita Rides","2022-12-23 14:38:50.0"
"6307237","Wilmer Ethe Chopping","2022-09-25 22:21:57.0"
"5205443","Dianemarie  Geeves","2023-01-26 10:50:11.0"
"8686241","Tom Odell Pinchon","2022-11-09 08:16:43.0"
"5407172","Melita Ramonda Iuorio","2022-06-02 22:27:32.0"
"7654609","Fionnula  Vaulkhard","2023-04-18 07:44:53.0"
"3935901","Mavis Clareta Joss","2022-06-24 12:26:29.0"
"8546844","Berget  Farrant","2022-06-23 21:16:18.0"
"6054527","Briana Christyna Caddick","2023-01-31 18:00:20.0"
"74238","Nevile  Moyse","2022-10-22 14:20:21.0"
"1201613","Billie  Sheach","2023-03-03 06:59:11.0"
"8902159","Tiebold  Osipenko","2023-02-27 09:05:27.0"
"5306811","Ernestus Walker Lackinton","2022-11-12 13:16:23.0"
"1970277","Gabie Trent Sinncock","2023-05-26 16:38:11.0"
"3288934","Querida Kippy De Meyer","2022-10-27 16:04:37.0"
"7353624","Demetra Carin Bartolini","2023-05-26 07:16:46.0"
"3211405","Amie Ange Poynor","2023-02-05 03:16:23.0"
"2050105","Danya Cassaundra Cockarill","2022-07-23 14:45:04.0"
"3350373","Nobie Thorpe Swiggs","2023-05-01 14:38:04.0"
"3787468","Pepi Eloise Bowry","2022-09-18 17:27:39.0"
"9833865","Wright  Hanway","2023-02-03 15:06:55.0"
"3198533","Ronalda Daile Blezard","2023-05-16 08:08:19.0"
"3844163","Ashlin  Skechley","2022-12-23 07:49:44.0"
"5821553","Shauna  Poad","2023-04-24 00:53:58.0"
"9501549","Darya Opaline Etchell","2022-12-26 08:48:06.0"
"6154233","Fabian  Covil","2022-06-15 06:45:35.0"
"6245048","Basilio  Soulsby","2022-09-19 00:00:18.0"
"2022166","Arman  Southorn","2023-02-28 01:47:04.0"
"3499145","Nestor  Slucock","2023-03-22 07:14:31.0"
"8425067","Monti Lenard Bertomieu","2023-04-04 10:09:05.0"
"7584270","Gage  Pybus","2023-01-01 08:34:45.0"
"9946869","Neala  Labet","2022-12-29 09:21:03.0"
"9829736","Melony Queenie Curness","2022-11-14 04:16:33.0"
"9689533","Charlot  Jakubski","2022-09-27 20:09:30.0"
"1317564","Gibb  Halsworth","2022-12-22 09:28:23.0"
"2030115","Morly Fitz Astin","2022-09-17 03:55:03.0"
"504134","Paton  Laughton","2022-12-24 16:15:12.0"
"2859642","Theo  Krop","2022-10-27 03:01:48.0"
"2248445","Norine  Elfleet","2022-12-31 07:49:38.0"
"3169691","Tawsha Ronnie Ranken","2022-12-20 06:02:37.0"
"9058696","Caddric  Dunlop","2022-12-14 20:36:35.0"
"5399783","Mahalia  Dymoke","2022-08-01 18:51:12.0"
"3014444","Nickie  Mullineux","2023-01-12 08:55:17.0"
"2579907","Krysta Sorcha Jaher","2023-03-05 18:26:30.0"
"1835045","Megen  Thing","2022-10-24 21:33:34.0"
"2155331","Drona Karlee Marnes","2023-02-02 05:54:22.0"
"675598","Matteo Rudyard Gamlen","2022-06-15 11:45:30.0"
"3763276","Anabelle Jada Garley","2022-07-15 22:29:25.0"
"8131425","Petr  Beresford","2022-12-18 11:17:30.0"
"1033917","Janet Olivie Kochs","2022-07-19 15:55:40.0"
"3403568","Minnnie Linet Younge","2022-09-07 18:18:23.0"
"79837","Kittie Dody Tebbe","2022-07-08 11:29:09.0"
"7764637","Lev  Castagneri","2022-07-16 06:20:12.0"
"7544329","Jorrie Hedwiga Schonfeld","2022-12-10 01:12:59.0"
"8023673","Dru  Pes","2023-01-25 12:16:42.0"
"338040","Kippie Eda Gyse","2023-01-23 11:39:06.0"
"1474202","Arturo Marve Aizikowitz","2022-08-25 23:58:41.0"
"5724082","Jaine  Pynn","2022-07-11 21:47:17.0"
"5813657","Barnaby Valdemar Szimon","2022-10-08 01:13:36.0"
"2183035","Shelly Dorise Edleston","2023-03-26 14:25:49.0"
"6319436","Jessika Xylina Hebbes","2023-03-22 22:47:17.0"
"824009","Wiatt  Piele","2022-07-07 16:22:32.0"
"3912588","Brendan  Rutland","2022-08-06 03:07:48.0"
"3488021","Selene Dorthy Tick","2022-09-12 02:14:11.0"
"5316472","Michal Gillian Perillo","2023-05-29 12:15:40.0"
"5684552","Mathe  Gallant","2022-08-06 03:21:18.0"
"2454932","Alfy  Deluca","2023-03-21 14:59:25.0"
"6056062","Von Arlen Cowap","2022-06-09 22:59:36.0"
"4121507","Averil  Grizard","2023-01-04 20:56:13.0"
"1134722","Orelle Gwendolyn Whittlesey","2023-05-15 09:02:40.0"
"8562139","Ingaberg  Hambly","2023-04-14 02:16:11.0"
"1775399","Inna Buffy Passman","2022-12-03 06:52:34.0"
"4384628","Frank Morris Livick","2022-09-23 12:39:46.0"
"7390214","Orren  Cork","2022-07-18 04:13:25.0"
"9884578","Reider Kale Prangle","2023-05-16 08:38:30.0"
"1547684","Linus Fulton Ratt","2022-06-06 21:20:11.0"
"9172311","Kris Wendel Tyt","2022-08-29 20:00:45.0"
"2299151","Ilka Clarita Paszak","2023-04-03 15:44:11.0"
"394842","Matelda  Swepstone","2023-04-15 23:01:09.0"
"8795085","Kath  Rasch","2022-11-24 02:18:01.0"
"398851","Bobina Rhianna Corkitt","2023-05-21 07:57:52.0"
"3623312","Phillie  Foucard","2022-11-02 15:04:21.0"
"5627935","Junia  Escale","2022-12-17 19:47:38.0"
"1301342","Alena  Bendixen","2022-08-12 01:52:45.0"
"9958737","Tiffie  Harhoff","2022-12-02 00:34:50.0"
"2922636","Waldon  Buttel","2022-06-13 08:17:07.0"
"490897","Erwin Christopher Gorse","2023-03-12 10:59:21.0"
"8176138","Kayle Coraline Janicijevic","2022-09-18 03:52:31.0"
"2725751","Lula  Wudeland","2023-05-09 04:17:34.0"
"6938412","Mill Bruis Thirsk","2023-04-26 16:23:57.0"
"1200739","Camella Eve Mallatratt","2022-08-10 08:37:16.0"
"6147743","Husain Burl Chisman","2022-06-05 10:04:17.0"
"4048911","Pavla Mufinella Moreman","2022-08-15 00:23:04.0"
"5534168","Minnie Row Cogdell","2023-05-26 06:33:39.0"
"2164765","Etheline Sonja Kops","2022-11-05 16:33:50.0"
"4915394","Vincents Alfie Castiglio","2023-01-26 11:03:06.0"
"3649405","Valentina Anett Douse","2022-09-09 04:58:22.0"
"1898835","Kennedy Heindrick Pinfold","2023-04-24 09:58:01.0"
"3798212","Caryl  Slimmon","2022-08-30 17:22:24.0"
"3522136","Frank Robinett Neasam","2022-10-19 04:32:14.0"
"6958298","Stanford  Hatrick","2023-01-22 23:47:42.0"
"8795898","Dew Grenville Cowndley","2022-09-04 00:28:12.0"
"7646083","Ulrica  Stiff","2022-10-24 21:38:34.0"
"8236666","Cosme Brady Lally","2023-03-05 00:01:04.0"
"3463587","Lev Goran Paget","2022-06-06 21:52:55.0"
"1628428","Jacky Lianne Duckworth","2022-09-06 14:09:32.0"
"5715607","Lonee Lillis Bagworth","2022-12-22 16:11:28.0"
"5345315","Toby Lorant Udden","2022-08-25 11:31:59.0"
"249817","Hadlee Bryn Gilyatt","2022-08-23 03:03:18.0"
"6612146","Xenia  Dixey","2023-01-04 01:23:07.0"
"629633","Kirstyn Emmeline Petyakov","2023-02-19 20:32:36.0"
"535414","Jeremias  Dudeney","2023-03-28 01:30:17.0"
"3693654","Brnaba Ossie Drawmer","2023-01-27 17:29:51.0"
"9463191","Ilaire  Greenhough","2022-08-27 04:53:38.0"
"2223513","Bradney  Pearton","2022-09-28 18:34:05.0"
"8274752","Coretta  Raspel","2023-05-08 22:59:57.0"
"4054624","Roldan  Derham","2023-01-19 18:31:10.0"
"6061724","Jsandye  Cholonin","2022-09-08 21:34:33.0"
"3096530","Titos Killian Rogeon","2023-01-29 15:41:06.0"
"9589053","Shel  Switzer","2022-06-27 23:46:10.0"
"6033448","Inger  Esmead","2023-03-31 22:04:44.0"
"9200941","Quent Robert Flewett","2022-07-01 21:55:44.0"
"1032781","Tammy Ban De Cristoforo","2023-03-30 09:47:39.0"
"7452148","Jobye  Cosans","2022-12-20 20:00:23.0"
"6109201","Leanna  Ridgeway","2022-11-16 12:26:42.0"
"5248305","Celestyna  Laytham","2022-09-02 13:55:40.0"
"4751040","Glory Sydelle Leupoldt","2023-01-17 05:09:07.0"
"2977910","Anne-marie Claire Cosbey","2022-11-29 16:03:52.0"
"7353183","Vite Bradney Duker","2023-04-15 15:12:59.0"
"7685346","Fredric Reg Ick","2022-08-31 09:28:40.0"
"5331869","Yettie Adda Hillan","2023-01-05 17:53:03.0"
"1383488","Lorilee  Crollman","2022-10-18 21:35:18.0"
"8261796","Arlette Devora Skells","2023-04-29 17:55:02.0"
"141721","Revkah  Krates","2022-09-29 15:27:01.0"
"1592586","Beatriz Georgeanne Diplock","2023-01-08 19:07:34.0"
"8554999","Mercie  McShane","2023-04-25 16:02:09.0"
"1090588","Remus  Buddock","2023-01-03 16:37:54.0"
"5016088","Klara  Jirek","2022-07-26 03:54:40.0"
"1309308","Davidde  Dilawey","2022-07-22 03:36:26.0"
"5276887","Lydia  Haddick","2023-01-16 19:01:59.0"
"6698952","Orv  Tellenbrok","2022-11-05 18:06:58.0"
"655075","Raynell Shela Browett","2023-03-14 00:43:31.0"
"9666813","Othilie Elizabet Capponeer","2022-08-10 04:55:37.0"
"7499761","Clari  Marcam","2022-12-19 11:45:19.0"
"7922912","Flory Marylinda Hewlings","2023-01-09 11:12:28.0"
"6180656","Adriena  Issitt","2022-09-29 00:29:29.0"
"8226014","Hayes  Brosenius","2023-04-15 08:56:36.0"
"8157833","Bellanca Martica Schurcke","2022-12-26 18:02:14.0"
"402399","Vasily  Hissett","2022-11-20 03:34:23.0"
"255970","Barty  Tocknell","2022-08-10 08:27:21.0"
"1749028","Angeli  Alvis","2023-01-15 12:55:20.0"
"108176","Aaren Amberly Featenby","2022-12-08 12:40:19.0"
"1994420","Marcellus  Strangman","2023-04-18 18:24:51.0"
"9580397","Titos Edmund Took","2023-04-07 08:49:56.0"
"8515630","Hobart Torry Vose","2022-10-07 19:17:31.0"
"6000951","Tan Linn Clunan","2022-08-23 14:58:57.0"
"7073801","Nikki  Galley","2023-02-28 16:27:53.0"
"3058281","Konrad Camey Douglas","2022-06-08 15:50:43.0"
"8359855","Derrek  Polo","2022-08-04 09:47:19.0"
"3032112","Chicky Marina Lansberry","2022-06-11 10:27:48.0"
"9483103","Juliette Maurizia Douty","2023-03-11 21:21:42.0"
"9439193","Tina Lacy Gosney","2022-10-24 01:02:41.0"
"2897207","Fayina Alexa Maulden","2023-04-26 18:17:25.0"
"920272","Bev Durand Haxbie","2022-08-18 21:29:39.0"
"8496290","Standford  Brimicombe","2022-08-20 14:26:33.0"
"4017669","Ellyn  Brudenell","2022-12-18 15:20:59.0"
"2853512","Tove  Cottis","2023-04-19 20:53:26.0"
"7011103","Anson  Pesticcio","2023-02-21 07:26:27.0"
"9840112","Ennis Tully Hellyar","2022-09-20 14:34:53.0"
"3919400","Dehlia Dorthea De Souza","2023-01-22 04:39:58.0"
"8681518","Cy  Shah","2022-12-30 21:47:14.0"
"8436351","Glennis  Breckon","2022-10-15 01:30:31.0"
"6570395","Marius  Critzen","2022-09-03 03:22:31.0"
"2991889","Walther Zacharias Marshalleck","2023-01-12 12:39:37.0"
"2376670","Minor Alfons Shirland","2023-04-21 14:19:01.0"
"5475099","Tomasine  Tew","2022-07-31 12:54:37.0"
"1125204","Grange Miguel Blaxill","2022-07-09 11:08:02.0"
"7322064","Dinah  Ikringill","2023-05-24 15:48:58.0"
"1839063","Emelina Martie Pringley","2023-02-17 02:22:33.0"
"2784328","Teddie Teodorico Daffern","2022-10-10 09:04:00.0"
"756393","Francesco  Drache","2022-10-15 12:45:02.0"
"9560436","Augie Davey Westgarth","2023-04-27 21:20:04.0"
"5841733","Faye  Berthome","2022-09-20 14:37:39.0"
"4810906","Dwight  Airton","2023-02-04 02:48:41.0"
"1718054","Dinnie  Cutridge","2022-10-24 17:29:23.0"
"674608","Peria Melessa Piggot","2022-08-20 21:33:46.0"
"8264303","Flynn  Pomfrett","2022-12-31 17:28:09.0"
"297866","Eugene  Bellew","2023-03-31 21:55:24.0"
"626917","Lissi Madelin Winfindale","2023-05-18 22:03:28.0"
"6197031","Cinnamon Michelina Gravett","2022-12-03 10:14:24.0"
"3036999","Ingunna  Leale","2023-05-25 05:23:11.0"
"7897083","Dela Jean Tapping","2023-05-28 21:29:01.0"
"9609681","Isadore  Amiranda","2022-10-19 03:58:22.0"
"5746410","Rockey  Aronstam","2023-05-13 19:40:53.0"
"6446412","Dalila Jacquetta Rapa","2022-08-06 14:01:19.0"
"9519513","Edgardo  Durand","2023-03-27 20:00:48.0"
"1752614","Meyer Clim Hodgin","2022-09-28 02:59:05.0"
"6535197","Marlowe  Guisby","2023-03-25 23:43:52.0"
"5819004","Ingmar Toby Pierpoint","2022-06-24 04:06:22.0"
"6184841","Camilla Almira Giacomello","2023-04-13 22:16:41.0"
"6882348","Hercule  Gillean","2023-04-30 03:53:21.0"
"2054621","Delila Julienne Strangward","2023-04-12 15:21:53.0"
"6336442","Abbye  Ingledow","2022-11-19 05:00:06.0"
"9457140","Alys Brigitte O' Sullivan","2022-12-02 07:05:01.0"
"4516130","Grantley  Busson","2022-11-01 13:25:17.0"
"2442255","Christa  Hemstead","2023-01-25 06:22:48.0"
"9969361","Henri Marlon Endecott","2023-03-14 04:38:41.0"
"3204744","Cirillo Lars Wannan","2022-08-23 21:54:40.0"
"7191141","Erhart  Ching","2023-03-31 01:51:03.0"
"6325510","Rivalee Arlee Fladgate","2022-09-28 17:00:48.0"
"239410","Farra Maia Jacobsohn","2022-11-14 23:21:38.0"
"5154228","Mariel  Benedtti","2022-12-08 18:13:33.0"
"4249554","Jessie Georgy Dunican","2023-05-18 15:59:15.0"
"6878402","Shea  Cockill","2023-04-19 02:42:44.0"
"335327","Sosanna  Glitherow","2023-01-13 07:18:34.0"
"5976469","Randa Shannen Oakwell","2023-03-22 23:11:21.0"
"2913005","Tasha Siouxie Pendlenton","2023-04-18 18:06:15.0"
"4440411","Karlis Hew Waghorn","2022-12-25 11:52:33.0"
"1805245","Isadora Kelila Kenryd","2023-05-08 15:16:35.0"
"6440127","Lil Sonya Benkhe","2022-07-24 00:29:14.0"
"2646482","Frazer Neale Daffey","2023-03-31 00:39:25.0"
"6611298","Rawley  Delacote","2022-08-07 04:46:11.0"
"6164723","Mellicent Cristin Baulch","2023-01-07 06:10:02.0"
"5557641","Andy Ricky Pizer","2022-08-19 16:00:25.0"
"1506590","Drud  Noyce","2022-11-28 22:26:58.0"
"3659532","Roosevelt Siward Wheway","2022-08-03 14:24:32.0"
"4341043","Hesther Oralle Stearn","2023-04-04 19:38:46.0"
"4223193","Caesar  Adamiec","2023-01-04 20:29:36.0"
"814503","Joey  Handscomb","2022-08-16 00:30:34.0"
"2218998","Ashbey  Bastian","2022-12-19 10:07:48.0"
"6368934","Lari  Alfonsetti","2023-04-20 02:09:06.0"
"2197109","Boothe Gaylor Haller","2023-03-13 16:54:35.0"
"5078896","Hieronymus  McDougald","2022-10-30 12:17:22.0"
"6256993","Westbrooke Esteban Follis","2022-09-20 18:30:32.0"
"5913728","Halette Gloria Pearne","2022-06-29 11:39:06.0"
"3512925","Zsa zsa Nadya Dunmuir","2022-06-22 08:00:21.0"
"2350923","Angelica Mikaela Cavie","2022-12-23 20:58:04.0"
"4779766","Cloris Angelita Snelgrove","2022-07-12 05:37:09.0"
"4363471","Krisha  Jiles","2022-11-02 03:33:13.0"
"80235","Laura Mildred Blackborn","2023-01-30 15:02:04.0"
"8020105","Heinrik Johnnie Burgess","2022-06-14 11:10:09.0"
"520146","Karmen  Rehme","2023-01-13 10:03:33.0"
"2490161","Alida  Dunnett","2023-03-01 16:17:04.0"
"8536896","Poul  Sheach","2022-09-16 13:42:55.0"
"2456638","Ozzy  McGillivrie","2022-07-27 04:36:09.0"
"4352110","Hal Fabien Roughley","2023-04-03 02:23:41.0"
"2803874","Annabell Faythe Peret","2023-02-13 19:18:47.0"
"5539263","Lynne  Sprigg","2023-03-01 11:21:37.0"
"2313808","Glennie Elvera Cettell","2023-01-30 08:27:40.0"
"4676201","Ethelind Rivi Joubert","2022-08-30 00:00:40.0"
"1489037","Elisha Noble Kinnock","2022-07-23 19:52:00.0"
"5996157","Sheffy Gavin Heddy","2022-08-24 18:52:42.0"
"4062482","Eugenie  Marquess","2023-01-08 21:04:32.0"
"1719502","Elladine  Ricker","2023-05-11 17:47:42.0"
"8386584","Fara  Davet","2022-12-02 00:20:29.0"
"6021171","Erasmus Cleavland Lefeuvre","2022-08-08 04:03:56.0"
"2734553","Aleda Bibi Cheshir","2023-02-24 01:24:25.0"
"291433","Valentine Sela Sarjent","2023-01-23 14:03:07.0"
"2371073","Gisella Dorris Lile","2022-10-07 08:55:21.0"
"4441938","Lauren  Bento","2022-12-29 07:52:48.0"
"5306902","Corena  Greedy","2022-10-11 18:33:03.0"
"6290821","Linea  Fretwell","2023-01-02 02:50:32.0"
"2985770","Reid  Leinweber","2022-07-05 14:30:32.0"
"6179433","Caria  Torrijos","2022-07-24 01:25:16.0"
"9799108","Logan Sim Grono","2023-05-28 17:26:00.0"
"2779187","Nanni  Ower","2022-11-18 12:47:30.0"
"4286203","Jephthah  Lammenga","2022-08-10 02:29:58.0"
"1683883","Leonardo Flint Pitchers","2022-11-14 09:02:27.0"
"9852811","Avril  Geistbeck","2022-08-21 13:21:23.0"
"1566514","Amil Jeanna Godfery","2022-12-21 14:36:21.0"
"6514192","Redd Ewart Houchin","2022-07-08 14:41:12.0"
"1066068","Ezri  Seager","2023-01-02 04:48:29.0"
"8479174","Emlynn  Vango","2023-02-06 03:54:17.0"
"6243142","Elsinore  Joll","2023-03-13 19:48:28.0"
"9677797","Tan Corbet Habbijam","2023-05-13 13:17:23.0"
"9784725","Bastien  Spendley","2022-08-21 09:09:34.0"
"5154437","Sonni  Sincock","2022-07-17 19:13:14.0"
"186854","Amby  Pryer","2022-11-23 08:35:37.0"
"5151677","Zorah Arabella Udale","2022-12-05 18:24:48.0"
"2175240","Nikolas Aldo Doreward","2023-01-27 09:32:46.0"
"4943719","Vidovik Court Ludman","2023-05-07 18:03:03.0"
"6849749","Elbertina Bathsheba Connal","2022-09-03 11:10:02.0"
"3630736","Homere  Cardinale","2022-06-25 03:48:31.0"
"4706517","Huey Pietro Ludlam","2022-11-19 02:58:00.0"
"6403943","Sydelle Hermia Villiers","2023-04-01 08:42:59.0"
"6241688","Coriss Tabbie Guirau","2022-11-22 11:38:56.0"
"8178562","Alidia Gipsy Kerrey","2022-12-24 00:35:07.0"
"9154656","Lawry  Watkiss","2022-10-25 12:54:54.0"
"1568573","Brenda  Camolli","2022-11-17 14:06:49.0"
"4346142","Elvyn  Enright","2022-07-06 14:51:59.0"
"7977489","Wilton Sinclare Isakson","2023-05-06 14:37:17.0"
"7038784","Jamison Massimo Leipoldt","2023-05-14 13:51:10.0"
"3922003","Averyl Kamila Farrey","2022-10-08 07:33:39.0"
"4909636","Brooks Ruthi Bodham","2022-08-17 15:17:19.0"
"3636407","Laurella  Lavell","2022-07-07 04:07:40.0"
"4082116","Kelley  Scripture","2022-11-28 23:21:42.0"
"1919730","Amelita Jerrine Spong","2023-03-01 00:49:27.0"
"2691540","Nathanial  Grimditch","2022-11-25 21:25:56.0"
"2006852","Quinn  Corsham","2023-04-03 05:22:03.0"
"7694083","Karia Daryn Semechik","2023-03-01 02:05:19.0"
"3565380","Alvy  Searle","2022-06-21 11:32:21.0"
"4791631","Fallon  Gronou","2022-09-10 09:02:30.0"
"5748239","Osborn  Suffe","2022-09-10 10:53:26.0"
"3057984","Jackie Roch McKern","2022-11-29 18:27:28.0"
"2144245","Vallie  Tander","2023-01-08 18:18:10.0"
"945003","Bing  Boskell","2022-08-17 10:07:09.0"
"934382","Ekaterina  Toward","2022-05-30 19:50:41.0"
"8103565","Elinore Cynthy Tasch","2022-08-02 14:37:48.0"
"2002792","Daron  Copnar","2022-10-12 07:36:00.0"
"4641737","Parrnell Ricard Kingett","2023-05-19 01:04:45.0"
"5431697","Kayne Rad Crutch","2022-09-15 19:10:46.0"
"4328898","Valene Gypsy Demaine","2022-11-28 14:57:14.0"
"847722","Adrea Koren De Ferrari","2022-12-07 15:10:34.0"
"3275973","Oran Dalli Ilyunin","2022-12-10 19:03:02.0"
"9055752","Ronny Leland O'Doherty","2023-05-08 08:10:45.0"
"9624753","Glennis Irena Meynell","2023-04-15 17:45:49.0"
"7888894","Chariot  Hubberstey","2023-05-02 02:03:44.0"
"1309106","Kimbra  Giacomini","2023-02-12 18:56:01.0"
"5633846","Berget Fernanda Kingescot","2022-10-02 09:52:51.0"
"3528395","Bay Obediah Brecknell","2023-03-27 11:53:10.0"
"7250115","Robinet Guenevere Gibbard","2023-05-22 17:26:39.0"
"643835","Dalli  Silson","2023-04-23 00:54:28.0"
"7158021","Clive  Hentzeler","2022-12-03 01:24:57.0"
"9886356","Dar  St Quenin","2022-08-14 11:52:33.0"
"6768363","Harlan Gib Vost","2022-07-15 22:24:19.0"
"5634741","Whit Alix Sugg","2022-11-14 01:15:55.0"
"468082","Renelle Jacquenette Roddie","2023-01-28 09:40:13.0"
"2079877","Nissa Edie Licciardi","2022-06-08 08:04:33.0"
"4704297","Ian Garwin Paoletti","2023-04-29 12:44:16.0"
"4141395","Karleen Kayley Bidnall","2023-01-20 00:32:56.0"
"9346431","Kendell  Bantock","2023-04-05 14:58:10.0"
"4405393","Ambrosio  Absolem","2022-12-01 09:24:02.0"
"4156462","Teresina  Loalday","2023-01-12 05:46:09.0"
"109009","Sacha  Josephs","2023-05-22 08:36:35.0"
"4303332","Randee Marline Samweyes","2023-04-25 12:31:07.0"
"8258313","Rori Maye Wordsworth","2022-08-12 21:12:30.0"
"3358442","Drugi Jerome Sussex","2022-10-05 14:04:01.0"
"5715697","Lockwood Gunter Earlam","2022-12-03 08:52:17.0"
"9153500","Zacherie Drew Fudger","2023-02-13 12:36:06.0"
"725908","Athene  Bridgestock","2023-04-25 04:12:34.0"
"8734556","Abelard  Lelande","2023-02-08 21:56:41.0"
"9374590","Pascale  Rockell","2022-06-26 09:41:34.0"
"6115918","Madalena Guillema Da Costa","2023-01-10 14:22:14.0"
"471653","Drusie Celinda Burkinshaw","2023-03-03 09:26:08.0"
"6969076","Lon  Potticary","2023-03-10 06:51:48.0"
"3260045","Melesa  Lendon","2022-06-10 21:24:34.0"
"7464007","Candra Dody Muriel","2023-04-07 02:36:26.0"
"3715225","Valeda Jenica Pickup","2022-08-18 07:25:58.0"
"9617648","Ashby  Yurikov","2022-10-31 07:00:50.0"
"1817460","Lynda Bernadene Castiglione","2022-08-31 02:58:49.0"
"6737646","Lion  Zecchinii","2023-04-22 11:10:11.0"
"6969352","Johnette  Thumann","2022-11-16 08:29:30.0"
"4800326","Thaine  Chesterfield","2022-06-04 08:47:28.0"
"5907726","Victoria  Rockell","2023-04-10 09:10:12.0"
"7742329","Moises Quillan Stanworth","2022-09-03 05:11:34.0"
"1362159","Sullivan Gabe Buist","2022-11-28 14:25:27.0"
"5913491","Lissie  Stormont","2023-02-22 16:09:12.0"
"2659397","Baily  Garner","2022-06-14 03:08:03.0"
"5719093","Tiffy  Wathan","2023-05-21 01:16:14.0"
"2506062","Ameline  Bendle","2022-10-09 06:16:40.0"
"171711","Quinn Hilario Blaszkiewicz","2022-08-21 15:12:51.0"
"6046647","Odelle Tabina Allcoat","2023-05-26 12:45:41.0"
"9502496","Sephira Sabra Loyndon","2023-04-07 02:54:07.0"
"2555303","Karon Hyacintha Stonard","2022-11-06 14:12:30.0"
"660156","Hastie  Wanstall","2022-06-07 10:15:12.0"
"9046366","Weidar  Lewerenz","2023-04-05 13:44:12.0"
"4058626","Lesli  Dallaway","2023-05-29 20:06:30.0"
"4081256","Manda Grace Genney","2023-03-06 19:48:33.0"
"6945473","Beverlie Abigale Johnke","2023-01-06 21:45:38.0"
"5461708","Rossie Don Greenhouse","2022-11-22 08:00:41.0"
"7234186","Derward Kent McKea","2023-04-23 09:14:16.0"
"5884258","Ethelbert  Thominga","2023-01-26 01:44:04.0"
"1628355","Berty Rutherford Pepall","2022-11-30 13:13:23.0"
"1999544","Emory  Brailsford","2022-12-13 23:23:27.0"
"7462333","Gillan  Baroche","2023-02-26 06:51:14.0"
"4346059","Red  Shawl","2022-10-01 01:19:27.0"
"3173790","Errol Conway Gutherson","2023-05-07 11:38:10.0"
"8263234","Tabbie  Buddle","2022-07-30 14:56:32.0"
"7194259","Arabele Minnie Hexam","2022-06-30 04:16:50.0"
"7583792","Cosetta  Leah","2022-07-12 00:08:27.0"
"9615175","Retha Jennette Tomasini","2022-09-26 08:47:19.0"
"6874876","Christopher  Palke","2022-11-29 02:07:40.0"
"1775098","Corey Keelby Argile","2022-10-26 19:56:12.0"
"2750424","Violante Amil Pettinger","2023-05-16 09:06:16.0"
"8587881","Georgianne  Smedmoor","2022-10-19 06:19:38.0"
"5648855","Mile  Pinnington","2023-05-16 07:37:11.0"
"9663835","Merrick  Feeney","2023-02-10 07:31:58.0"
"9955902","Ibbie  Wigglesworth","2022-09-01 15:13:27.0"
"8162255","Rachel Valma Yearne","2022-12-06 03:35:14.0"
"9395128","Micah Bruno Robens","2022-11-18 11:48:44.0"
"2750808","Lezley Hal Januszewicz","2022-07-04 17:39:16.0"
"4125010","Igor  McClifferty","2022-09-15 07:49:25.0"
"9778232","Winn  Paulitschke","2022-06-02 01:40:36.0"
"3095508","Shela Gertrud Mould","2023-03-05 06:33:28.0"
"5914177","Melissa  Refford","2023-03-16 21:11:10.0"
"5864126","Trudy  Langthorne","2022-09-23 12:39:52.0"
"189826","Marlee  Whitta","2022-11-07 14:22:16.0"
"9923674","Ingram Briggs Kynder","2023-04-13 20:13:11.0"
"8842191","Heinrick Man Ripper","2022-12-02 03:10:57.0"
"4747068","Horatius  Kibbye","2022-09-11 16:50:20.0"
"3711241","Odell Malchy Domke","2022-11-02 20:53:59.0"
"225245","Terry Tim Charrett","2022-12-22 18:22:45.0"
"8627579","Udall  McMichael","2022-07-10 11:52:47.0"
"1184348","Sissie Gabriella Sloy","2022-10-08 07:28:26.0"
"6894782","Claire  Kochs","2023-04-08 01:07:54.0"
"4520550","Dieter Brod Bussy","2023-02-11 08:34:34.0"
"9483739","Skippie  Harman","2022-06-11 11:04:28.0"
"7710265","Husein  Farlham","2022-08-23 17:59:56.0"
"4738720","Cordey  Kenewel","2022-10-01 04:22:20.0"
"8306262","Alia Teodora Abson","2023-05-12 06:18:58.0"
"8808983","Rianon  Wheelton","2022-09-10 23:29:54.0"
"4003156","Jemima  Lared","2022-11-10 04:21:00.0"
"2625516","Gerda  Lambird","2022-06-27 23:15:44.0"
"9588623","Stacy  Blaxeland","2022-10-23 10:15:05.0"
"9144482","Saunders Pasquale Cottham","2022-12-04 10:47:45.0"
"1862184","Tybi Melisande Sinott","2022-10-13 13:32:41.0"
"9681738","Harwell Danny Izchaki","2023-01-06 21:11:00.0"
"5088132","Maison Ellis Pidgeon","2022-12-28 22:08:37.0"
"231689","Cairistiona Pepita Ubanks","2022-08-12 04:43:50.0"
"801464","Clari Isis Cordingley","2022-10-16 18:47:30.0"
"9413307","Matty Cornell Garmey","2023-04-01 03:58:09.0"
"6971107","Tan Ansell Kirman","2023-02-17 01:00:13.0"
"2821323","Abbie  Suggitt","2023-05-01 08:11:00.0"
"1984648","Dawna  MacCaghan","2022-12-16 02:43:21.0"
"1067203","Casey Shawn Rathbourne","2022-10-20 03:37:37.0"
"176278","Marsiella  Ride","2022-12-21 11:20:55.0"
"179248","Lothario  Orneles","2023-04-04 23:10:28.0"
"4784770","Chrissie  Timpany","2022-11-10 12:54:00.0"
"7392280","Ginelle Gavra Henmarsh","2022-07-02 18:09:33.0"
"1193335","Moselle  Aire","2023-03-23 22:12:50.0"
"5242789","Kevan  Lannon","2022-08-19 22:59:08.0"
"8764172","Lyn Maxim Brusle","2023-05-13 16:39:32.0"
"5150058","Gianni Matthieu Enion","2022-07-27 05:22:57.0"
"3373653","Orv  Favelle","2022-06-20 01:54:32.0"
"6078930","Andi  Kiloh","2022-08-06 18:49:50.0"
"2614769","Delaney Dewain Colbertson","2022-11-24 10:40:56.0"
"5155506","Marge  Mailey","2022-08-26 19:16:28.0"
"319649","Cal  Cherry","2023-03-22 23:03:23.0"
"9879237","Ramsey  Dawidowicz","2022-11-08 17:40:04.0"
"1108752","Bird Clarinda Cawthery","2023-05-26 15:21:31.0"
"7541756","Hugibert  Lowless","2022-12-18 16:55:51.0"
"2608802","Violante Gnni Dangerfield","2022-12-20 23:26:20.0"
"5899483","Brett  Waplington","2022-06-09 02:38:13.0"
"7768293","Imelda Angeline Akram","2023-03-08 21:33:17.0"
"5267643","Sergent  Branchflower","2023-01-07 18:01:38.0"
"1998204","Darb  Paulmann","2023-01-24 11:41:32.0"
"3492471","Briano Joe Malkin","2022-05-30 11:02:32.0"
"7926487","Ilario  Lowrie","2022-08-31 07:54:58.0"
"1603961","Maddy Ailis Tyres","2022-09-06 03:12:35.0"
"8339286","Nichole  Allans","2022-08-02 21:35:55.0"
"8486390","Leigh Tanny Ardley","2022-07-04 08:55:45.0"
"9562412","Merv Rowland Scragg","2022-06-08 09:04:14.0"
"4267665","Devlen  Wallhead","2022-11-07 17:10:12.0"
"2868719","Hiram  Elles","2022-12-20 20:05:03.0"
"4051165","Conn Filmore Benettelli","2022-07-12 13:42:38.0"
"4183396","Sherlock Rafaellle Olivazzi","2022-08-11 00:13:40.0"
"3389143","Hyacinth  Golden","2022-12-13 22:21:31.0"
"1264637","Pascale Roderich Sidlow","2022-08-21 21:15:37.0"
"1727966","Allianora Bliss Vondrak","2022-12-25 02:16:00.0"
"5603816","Garnette  Collicott","2022-06-15 06:37:05.0"
"4821313","Herve Wayne Blenkinsopp","2023-03-31 14:18:39.0"
"318337","Lulita  Hasely","2022-12-14 10:46:45.0"
"2450543","Anne  Izaac","2023-05-08 22:07:09.0"
"6052749","Addy  Dominec","2022-10-27 23:51:06.0"
"5489485","Boyce Chaddy Iorizzi","2023-02-16 08:23:37.0"
"6290969","Jess D'arcy Brownscombe","2022-09-08 07:03:31.0"
"3484081","Judon Carroll Vischi","2023-02-27 18:17:56.0"
"9208831","Ofelia  Benza","2023-03-06 17:34:58.0"
"3727783","Noach  Abreheart","2023-01-25 15:53:23.0"
"5830392","Fletch Virgilio O'Mullally","2022-10-15 13:51:35.0"
"2075473","Darbie  Frenchum","2022-08-01 12:34:50.0"
"7886014","Venita Dosi McCawley","2022-07-10 23:47:11.0"
"4595687","Collette Joane Straine","2022-09-18 08:08:01.0"
"9888095","Brenda  Evangelinos","2022-06-29 19:53:40.0"
"2356790","Jules  Dongate","2022-06-23 23:00:57.0"
"4762086","Brendis Adamo Poskitt","2022-09-14 23:05:16.0"
"9049557","Remy  Krier","2023-04-03 15:01:09.0"
"7751589","Neysa Caitlin Terbrugge","2022-07-25 22:03:28.0"
"5872513","Darsey Mitzi Lyne","2022-12-03 03:10:28.0"
"4749061","Rafi Frankie Kippling","2022-11-06 14:35:45.0"
"3325977","Alfy Jakob Simonazzi","2022-06-23 05:11:42.0"
"977168","Levi Jerome Helliwell","2022-09-18 18:55:45.0"
"7342175","Laurie  Jepp","2023-01-15 15:27:45.0"
"5674261","Zeb  Purvis","2023-03-14 06:01:37.0"
"407713","Laurianne  Brouncker","2022-10-19 11:03:42.0"
"2710808","Caryl  Harmant","2023-01-23 02:59:09.0"
"4695558","Thaddus  Allworthy","2022-11-04 11:16:15.0"
"225946","Pammy  Scotchbourouge","2022-12-20 00:13:57.0"
"5219135","Harvey Gustavo Redan","2023-02-18 17:23:06.0"
"6719430","Beret Jennine Lente","2022-06-15 21:47:55.0"
"3727716","Griff  Kauscher","2023-01-08 23:51:44.0"
"7466737","Derrek  McKaile","2022-10-11 03:58:39.0"
"6765382","Hilario  Oakton","2023-02-02 21:10:00.0"
"6225801","Catherin  Laneham","2022-09-20 10:08:37.0"
"6200431","Dionysus  Victor","2022-07-01 08:18:23.0"
"8228367","Gerhard  Wickliffe","2023-05-28 05:08:09.0"
"2451938","Paulie Alisha Klosa","2022-08-18 01:43:32.0"
"1710866","Emera Addi Ladley","2023-05-26 04:08:46.0"
"1572971","Giulio  Balasin","2022-08-22 19:30:41.0"
"53150","Phineas  Gregoraci","2022-11-22 14:20:43.0"
"4993801","Matt  Dybald","2023-05-14 08:44:13.0"
"9762742","Esteban  Dofty","2023-03-27 06:35:15.0"
"1788289","Lynnet Loree Top","2023-04-30 17:04:42.0"
"3550803","Humphrey Desmund Clilverd","2022-07-17 05:40:26.0"
"4283084","Tome Tyrone Roget","2023-04-28 21:42:48.0"
"5307683","Ailene Sadie Height","2022-06-21 17:48:25.0"
"9444117","Christoper Bobby Blanque","2022-10-12 07:25:57.0"
"9406968","Ricky  Sweetenham","2022-08-14 02:08:04.0"
"1835725","Clarinda  Pawling","2022-09-04 22:53:22.0"
"3559121","Ebenezer  Gethin","2023-03-02 05:34:13.0"
"8888080","Olly  Hunting","2023-05-18 02:46:09.0"
"7604099","Samaria Darlleen Sambedge","2023-04-04 19:42:46.0"
"4062511","Jayme  Kinneally","2023-02-19 16:56:21.0"
"2253649","Gal  MacKeig","2022-12-03 08:41:14.0"
"7803070","Gannon Mead Buffy","2022-08-08 13:17:01.0"
"6221366","Claudie Yetta Macbane","2022-12-31 08:02:06.0"
"6284398","Sari Samara Thunders","2022-11-09 22:17:51.0"
"730701","Pam Ara Emblin","2022-08-02 03:24:36.0"
"3985127","Dewey  Aslam","2023-01-30 06:29:09.0"
"872450","Malinde Elinore Mossop","2023-01-01 18:24:13.0"
"7740561","Carr Kerby Archell","2023-02-07 16:07:51.0"
"8518737","Anya Daffi Eliot","2022-08-30 20:47:52.0"
"325312","Marquita  Mullins","2023-01-27 16:23:26.0"
"2421504","Cleon  Cunnington","2022-06-23 02:06:00.0"
"8701697","Yetty Talyah Yurchenko","2022-09-27 10:06:51.0"
"9622498","Nicolai Bernie Bernasek","2022-09-12 16:38:09.0"
"7323083","Natividad Aryn Liquorish","2023-02-23 09:31:42.0"
"2450232","Pepillo  Staddart","2022-12-14 16:12:19.0"
"6159989","Allissa  Kolodziejski","2023-04-06 14:52:40.0"
"9630909","Loree Guillema Otson","2022-11-05 07:19:27.0"
"4895345","Corenda  Renackowna","2022-10-12 09:16:22.0"
"6585921","Velvet Dacy Edgeon","2023-04-20 13:59:00.0"
"2370676","Jaimie  Pegg","2023-05-25 11:31:10.0"
"9592079","Curtis Arlan Fallawe","2023-01-20 07:24:17.0"
"6100803","Lacee  Rivalland","2022-06-02 22:28:32.0"
"7742405","Bud Tab Sibbet","2023-05-04 18:08:35.0"
"5645856","Ewart Claire Smithen","2022-12-12 06:35:08.0"
"8066635","Gifford Blayne Durtnal","2022-10-02 15:18:47.0"
"8319717","Mic Riordan Flett","2022-05-31 14:27:55.0"
"2641930","Augustin  Stolze","2023-05-18 06:50:50.0"
"1867581","Artur  Phillip","2022-07-20 11:29:01.0"
"2651012","Gay Pavlov Kyle","2023-03-02 14:11:00.0"
"8657333","Andre Pasquale Dorin","2022-09-17 16:01:30.0"
"9788951","Michaeline  Henrichsen","2023-01-31 11:26:30.0"
"5273842","Katey  Brion","2022-05-31 23:39:00.0"
"9305374","Stacee Earle Ravens","2022-07-24 00:04:26.0"
"2584503","Tonye  Sieghard","2023-04-14 11:28:51.0"
"1134241","Elmo  Saphir","2023-05-07 20:04:21.0"
"7909387","Lexie Carol Bradshaw","2023-04-19 00:29:54.0"
"6793250","Benedict Maury Atley","2022-07-23 22:52:02.0"
"8736409","Winna  Rishworth","2022-08-30 16:17:50.0"
"5022726","Johann Aleksandr Dymond","2023-04-30 16:04:45.0"
"3822759","Tessie  Thomasset","2022-06-25 05:25:00.0"
"297592","Deb Lindy Haughan","2022-08-22 07:51:16.0"
"3093876","Gipsy Krystyna Chinge","2022-09-27 16:21:07.0"
"7735209","Liana  Cockerham","2023-03-15 08:39:14.0"
"2478445","Vaclav  Geharke","2023-03-13 04:15:26.0"
"29916","Ronald  Daouse","2022-08-28 00:53:57.0"
"5940652","Courtenay Olympia Siemianowicz","2023-04-09 04:48:51.0"
"697824","Chere  Dillingstone","2023-03-22 08:16:15.0"
"7252635","Agustin  Nortunen","2023-04-21 17:49:03.0"
"224464","Nicola  Gave","2022-09-10 02:32:20.0"
"8397661","Jess Dani Kissock","2022-11-22 00:58:07.0"
"7254132","Loni  Butters","2022-12-23 22:07:35.0"
"1798154","Hannie Sydelle Wermerling","2022-06-02 20:13:20.0"
"3459438","Russ Killie Abraham","2023-04-25 15:09:42.0"
"4196521","Morgen  Wormald","2022-09-03 10:38:12.0"
"4169897","Virginia Amalie Bovaird","2022-10-06 12:51:45.0"
"8173686","Ralina  Leivers","2022-10-16 14:05:20.0"
"5237554","Leonid Erv Martynikhin","2022-09-06 19:37:19.0"
"6508871","Tremain Roma Chaloner","2022-09-26 13:42:05.0"
"5287616","Zane  Bamling","2023-01-09 14:34:54.0"
"4506367","Muire  Feitosa","2022-06-16 05:36:33.0"
"111013","Malorie  Shinfield","2022-07-21 18:57:04.0"
"6488386","Lulu  Bartoszek","2023-04-02 10:20:42.0"
"1957893","Constantine  Bunce","2022-08-23 01:39:06.0"
"8892652","Millard  Duckett","2023-04-10 16:01:39.0"
"3318576","Stavro  Echlin","2022-09-22 12:45:21.0"
"2341297","Lorry Bea Chatfield","2023-03-15 12:13:45.0"
"1378746","Opalina  Brackpool","2022-09-20 06:16:26.0"
"6021764","Maggi  Filimore","2022-09-09 10:43:52.0"
"5322180","Christophorus Wynn Gorwood","2022-06-06 15:29:30.0"
"6094233","Llewellyn Godwin Kahn","2023-03-11 13:19:57.0"
"563964","Hali  De Robertis","2022-09-08 01:31:51.0"
"8534099","Killian  Rickett","2022-06-26 18:41:28.0"
"626415","Carline  Duthie","2022-08-11 19:38:19.0"
"4252219","Wayland Otis Jedraszek","2023-05-21 03:13:36.0"
"2550619","Berkie Frasier Waleworke","2023-04-16 22:32:38.0"
"9860602","Hugues Thacher Ygou","2022-10-02 00:59:36.0"
"7050628","Cord Mikey Plowman","2022-07-02 14:22:34.0"
"6389275","Justin Clive Greensides","2023-04-30 09:46:16.0"
"6953780","Shep  Longcaster","2022-10-26 01:34:56.0"
"4069572","Bennie  Maxfield","2023-02-17 18:56:05.0"
"3129728","Dillie Faber Earsman","2023-03-15 10:21:20.0"
"9131759","Everard  Deering","2022-07-15 04:14:51.0"
"1910946","Maible Mathilda Tilburn","2023-03-31 19:48:13.0"
"6862925","Ralph Erhart Filippo","2022-09-24 09:22:26.0"
"8234493","Danna Charlotte Shutler","2023-01-03 22:54:34.0"
"1239902","Sigismundo  Lubman","2022-08-10 14:59:13.0"
"7266007","Norri Charis Onslow","2023-03-19 20:33:17.0"
"5463354","Nelie  Stangoe","2022-06-20 09:05:33.0"
"9928609","Karia Olva Fownes","2023-04-16 11:35:28.0"
"3809937","Claudine Jaine Casotti","2023-01-14 04:24:37.0"
"6952136","Zebulon Claus McMeekan","2022-10-28 11:41:27.0"
"8018757","Gaynor Angelita Gostage","2023-01-02 09:27:41.0"
"2945183","Ellery  Andrichak","2023-01-30 21:18:23.0"
"657764","Nessi  McNutt","2022-06-29 06:04:24.0"
"8865401","Daryle  Sehorsch","2023-02-25 20:04:10.0"
"7134756","Annora Allx Boij","2023-02-22 04:19:56.0"
"748969","Jerrylee Letty Stronach","2022-07-28 23:52:46.0"
"729203","Valentino Anatollo Westphal","2022-06-17 15:50:42.0"
"3377763","Joscelin  Golthorpp","2023-03-13 00:23:49.0"
"6381102","Adelind  McNabb","2022-11-12 03:34:14.0"
"3029896","Farlie  Boast","2022-11-13 01:45:52.0"
"283197","Adria Savina Measures","2023-05-24 00:51:03.0"
"8721132","Ange Rhody Gerg","2022-06-27 23:04:21.0"
"4689532","Ruthanne Jo Leamon","2023-01-25 00:54:52.0"
"3047283","Marika Kalina Mallindine","2022-12-17 20:44:03.0"
"4870998","Pedro Lemmie Senten","2023-05-16 21:59:40.0"
"460618","Jarad  Wendover","2023-01-03 06:05:18.0"
"6584355","Kylie  Neath","2022-06-04 08:58:42.0"
"1162999","Maxie  Garmons","2023-05-15 05:36:49.0"
"2594002","Fredia  Wiltshear","2023-04-23 16:55:45.0"
"4463398","Sol Vernor Roulston","2022-07-29 00:00:24.0"
"1987053","Valentine Lucretia O'Cannavan","2022-08-14 11:09:27.0"
"6376072","Eadmund Duane Hartigan","2023-04-03 10:50:52.0"
"3023240","Edgardo Rickard Luter","2022-07-11 19:09:28.0"
"3868286","Vere Coreen Rego","2023-04-30 22:06:20.0"
"289994","Laryssa Constancia Brouwer","2023-04-06 21:57:18.0"
"8584720","Dyanne  Tolwood","2022-10-23 17:33:34.0"
"9784706","L;urette  Canny","2022-10-30 10:16:10.0"
"6329016","Reeva  Hollidge","2023-04-12 21:36:06.0"
"4505127","Jedd  Quadling","2022-10-21 11:24:19.0"
"2372252","Rosita Beitris Grollmann","2023-01-23 03:25:37.0"
"4861811","Jerald Morly Pinnion","2022-06-01 09:35:55.0"
"1740577","Rainer  Juarez","2023-04-18 16:11:36.0"
"3262405","Sapphire Andromache Cristofanini","2023-02-08 20:43:53.0"
"4063219","Thain  Legan","2022-07-14 03:29:09.0"
"568096","Beverlie Anett Coneau","2023-01-07 03:15:44.0"
"6567434","Land  Pfiffer","2022-06-13 18:05:37.0"
"4740968","Allan  Yuryshev","2023-04-12 02:17:01.0"
"1209413","Gareth  Peacocke","2023-05-24 00:02:21.0"
"4808260","Gan Lennard Padbury","2022-10-17 15:22:05.0"
"2604224","Fanchette  Pittson","2022-08-05 22:48:44.0"
"4481132","Didi Meara Cush","2022-12-19 06:43:14.0"
"4778365","Bambie Aidan Van Arsdalen","2022-11-28 08:06:11.0"
"5975896","Barr  Hayley","2023-01-27 12:11:54.0"
"4412246","Cathryn  Instock","2022-08-19 19:00:35.0"
"6673084","Sanford  Lyons","2022-09-26 19:03:14.0"
"2325460","Aylmar  Mouatt","2022-11-07 09:07:55.0"
"5401746","Essie Cynthy Wedderburn","2022-11-02 06:13:49.0"
"8527892","Claudian Tristan Matzl","2022-12-12 20:48:26.0"
"9548623","Mayer  Josey","2022-11-21 03:30:33.0"
"2750413","Stephannie  Woodcroft","2023-03-03 07:48:19.0"
"1395676","Debera Ivette Pumphreys","2023-02-08 21:01:37.0"
"9782760","Thomasin  Signorelli","2023-01-24 12:10:47.0"
"6054935","Ezechiel  Banasik","2022-06-20 20:49:06.0"
"757575","Dalila Fidela O'Riordan","2023-04-08 16:15:06.0"
"2980385","Kynthia  Fawcus","2022-12-03 04:44:46.0"
"1414493","Orelle Sapphira Mundie","2022-07-07 19:06:48.0"
"2223379","Carolin  Kernley","2022-10-16 19:26:01.0"
"8957978","Kellia  Eccleston","2022-06-29 22:08:43.0"
"6578627","Lorain  Lampard","2022-10-27 15:26:53.0"
"5367274","Rennie  Almack","2022-09-03 18:52:17.0"
"8643225","Rab  Frany","2022-10-18 21:26:42.0"
"28247","Tessy  McPhaden","2022-12-25 17:37:34.0"
"3282048","Guthrie  Tewkesberry","2022-10-26 22:03:24.0"
"2904829","Udale Felix Pascall","2022-06-20 01:54:42.0"
"6668412","Inna Ingaberg Lidierth","2022-06-22 23:02:52.0"
"4125126","Alair Ali Cruwys","2023-05-22 07:46:55.0"
"8675205","Llywellyn Carlin Persent","2023-01-09 14:41:02.0"
"9938564","Ellette Malanie Yarnold","2022-12-02 15:16:33.0"
"6392329","Adan Durward Bratty","2022-07-14 16:08:48.0"
"4413347","Eduino Bronny Fulun","2022-11-24 16:11:40.0"
"1114568","Filberto  Spykings","2022-08-22 23:36:12.0"
"8469335","Filia Clarice Deighan","2023-01-14 00:28:50.0"
"6394958","Flem Stevy Sleet","2023-02-11 05:23:07.0"
"6630159","Sutherlan  Beckworth","2022-06-18 21:20:21.0"
"6887725","Harper  Scatcher","2023-01-28 07:29:13.0"
"2728654","Calhoun Edmund Gaynes","2023-04-11 17:43:13.0"
"3948630","Josey  Mongain","2022-12-22 06:13:34.0"
"456369","Lewiss Zachariah Le Sieur","2022-12-26 18:05:35.0"
"7266774","Rosalinde Zonda Gravestone","2022-10-05 04:11:53.0"
"6549137","Delores Lanita Ruse","2023-04-03 16:28:09.0"
"5170434","Damien Russ Prisk","2023-01-14 09:02:43.0"
"4390989","Whitney Terrye Rubinsohn","2022-12-31 06:38:27.0"
"1481306","Rossy  Beddin","2022-07-29 19:45:56.0"
"3473471","Justinn  Foale","2022-10-15 07:19:03.0"
"5592827","Josefa Filippa Gelland","2022-09-13 05:38:50.0"
"3745187","Sharlene  Tolossi","2022-10-17 07:31:26.0"
"3564030","Abdul  Klass","2022-09-02 04:41:55.0"
"3302755","Electra Wylma Bryde","2023-01-07 03:55:57.0"
"681112","Nertie  Reardon","2022-12-12 06:10:58.0"
"3447974","Nester Oliver Leamon","2022-07-08 04:25:15.0"
"6043291","Adelaide  Faas","2023-01-16 21:53:40.0"
"6152140","Roderic  Ritelli","2023-01-05 15:59:23.0"
"5454306","Austen Gustav Sinnat","2022-08-12 07:40:28.0"
"3783185","Travers Xever Hulburd","2022-11-17 03:45:04.0"
"7743215","Wilie  Dollard","2022-12-02 13:37:32.0"
"773008","Brade  Fontelles","2022-09-03 07:59:22.0"
"4722206","Alia  Cuseick","2023-04-11 07:42:50.0"
"3309801","Harriot  Lermouth","2022-08-19 00:35:44.0"
"40040","Amelita Daryl Hakeworth","2023-03-02 01:28:23.0"
"7455748","Aldric Rupert Pays","2022-12-23 02:40:15.0"
"9983849","Janie Benni Alejandre","2023-05-18 03:21:58.0"
"8341844","Albina  Brettell","2023-05-13 04:07:08.0"
"9222112","Rene  Kermott","2023-04-04 02:07:23.0"
"6589362","Sylas Dex Cabrara","2023-05-17 19:12:34.0"
"4382640","Verney Rudolph Howel","2023-04-06 04:28:21.0"
"9242971","Cindie Livvie Geldard","2023-02-13 19:10:32.0"
"6060246","Ingrim  Lacy","2022-11-01 15:50:48.0"
"1721988","Rubi Shandra O'Longain","2023-01-04 16:19:24.0"
"3808613","Wilow Ree Joberne","2023-04-21 14:04:33.0"
"7903773","Kevin  Mazey","2022-06-01 00:11:22.0"
"94611","Raul  Duncan","2023-02-25 01:36:57.0"
"1009896","Bellina Fiona Ramsier","2022-08-12 16:45:17.0"
"7740839","Rockwell Reese Vitet","2023-05-13 04:13:49.0"
"9740174","Donn  Hollidge","2022-07-22 00:33:45.0"
"1967091","Edeline Morganica Hayler","2022-06-29 07:54:15.0"
"2340598","Slade Cedric Sircombe","2022-06-03 19:32:07.0"
"1378438","Dorry Brigitte Bengoechea","2022-12-22 00:08:55.0"
"6709855","Carmella Franni Walsom","2022-11-11 14:40:55.0"
"765134","Ossie Lion De Pero","2023-04-16 20:05:01.0"
"2769570","Dayna Elvira Bougourd","2023-02-06 20:17:18.0"
"7228743","Rouvin Hurlee Denis","2022-06-03 02:21:35.0"
"4443668","Alyosha  Dumbare","2022-06-27 11:50:31.0"
"8202495","Maynord  Hargrove","2023-02-01 01:14:39.0"
"4901515","Fairlie Richmound Iskowitz","2022-07-05 22:12:31.0"
"9565137","Pearla  O'Hogertie","2022-11-07 14:06:34.0"
"5345047","Stephie Bertine Latchford","2022-08-22 04:03:56.0"
"282336","Barthel Caryl Giovannazzi","2022-10-22 06:06:08.0"
"8615581","Hort  Lindup","2023-03-11 22:33:41.0"
"437469","Sim Garreth Citrine","2022-08-24 18:13:52.0"
"4504532","Janet  Popplestone","2023-05-29 19:00:31.0"
"8603938","Noah Dorian Bibb","2023-03-14 06:40:02.0"
"2296773","Lark  Gulley","2022-08-02 15:43:48.0"
"5885536","Natale Garrard Kristoffersson","2022-07-26 03:29:45.0"
"9988994","Cassondra  Vandenhoff","2022-10-10 10:39:05.0"
"8951288","Eduard Mannie Nary","2022-08-23 18:49:05.0"
"9299477","Faunie Rhianon Stubbes","2022-12-18 11:33:56.0"
"5160400","Dugald  Feldhuhn","2022-09-29 03:45:42.0"
"1783505","Elset Adria Rulf","2023-04-17 11:33:51.0"
"2963913","Twila Hazel Payze","2022-09-25 08:04:55.0"
"1352136","Fiona  Pietrzyk","2022-06-14 15:27:22.0"
"5117590","Teodora  Ricarde","2023-01-24 01:17:24.0"
"6077289","Binny Delly Mercer","2023-04-21 12:53:24.0"
"1981561","Tremain Jarred Gurr","2022-10-10 11:04:58.0"
"2273268","Charlotta  Pachmann","2022-07-15 22:23:40.0"
"4915369","Cliff  Freathy","2023-05-17 12:14:23.0"
"7229949","Evin  Berrygun","2023-02-27 08:16:54.0"
"7530523","Giulio Bale Oulner","2022-07-30 17:47:38.0"
"2472954","Nicol  Attenburrow","2022-12-02 07:49:08.0"
"4988061","Alec  Kuhnt","2022-07-08 23:22:04.0"
"4643859","Reggi Jeannette Valentinetti","2022-10-22 05:46:06.0"
"8162831","Gerri Norton Rumble","2022-05-30 16:41:08.0"
"5012613","Felice  Flaherty","2022-11-16 10:34:49.0"
"2807323","Olag  Dureden","2022-09-16 08:54:27.0"
"8914097","Maury Chaunce Dreelan","2022-11-28 11:18:35.0"
"2348551","Lelah  Olliver","2022-09-30 13:36:31.0"
"9053369","Dario  Lorkins","2022-07-19 00:20:46.0"
"9484242","Barnie  McDoual","2022-09-10 07:51:36.0"
"3468922","Templeton Andonis Benson","2023-05-07 16:23:24.0"
"5237684","Sophie Hattie Fielder","2023-02-10 18:04:32.0"
"1955737","Adey  Okie","2023-02-11 06:29:08.0"
"2829010","Dillon Adair Bloan","2022-06-08 05:36:41.0"
"7477998","Moses  Varey","2023-01-16 01:31:28.0"
"5084941","Caye Stefania Bleakman","2022-10-22 16:58:54.0"
"9605030","Northrop  MacDearmaid","2023-01-03 17:42:59.0"
"46528","Rubia  O'Donovan","2023-04-04 12:15:34.0"
"215049","Fayette  Warboy","2023-02-12 12:31:00.0"
"9679283","Khalil Brockie Habbeshaw","2023-04-16 05:53:15.0"
"5149888","Cordell  Tawn","2022-08-15 12:43:48.0"
"2437972","Kellina Kissie Callinan","2022-05-31 12:32:07.0"
"8400021","Willow  Braidwood","2023-01-31 04:05:49.0"
"5561250","Trudi Lainey Yabsley","2023-02-27 11:02:31.0"
"1469315","Harwilll  Hartman","2023-03-07 14:24:53.0"
"9593819","Misti  Gronowe","2023-05-27 08:02:23.0"
"7881386","Johnny Giff Waddilow","2022-07-02 00:18:45.0"
"2183844","Bette Halimeda Madgett","2022-11-26 10:10:15.0"
"3791733","Araldo Buddie Wisniewski","2023-02-22 01:46:52.0"
"9723368","Wye Chester Stidworthy","2023-04-10 17:54:51.0"
"3421931","Stavro  McInally","2022-10-02 00:01:50.0"
"8179299","Fleming Maison Donaho","2023-03-17 06:47:29.0"
"1674501","Chickie  Busher","2022-06-26 21:01:59.0"
"142762","Candra  Meldon","2022-08-31 10:45:41.0"
"7905807","Davina  Grafhom","2023-05-10 09:01:25.0"
"5102561","Terrence  Slateford","2022-05-30 01:54:10.0"
"2703402","Halie  Morrallee","2022-11-23 14:58:37.0"
"6574366","Sebastian Menard Poore","2023-02-13 11:38:36.0"
"2230904","Brandais  Edser","2023-04-14 16:36:18.0"
"1418338","Row Gretel Groll","2023-03-09 05:30:17.0"
"6543904","Jaime Pren Jeenes","2022-08-02 07:23:58.0"
"2365130","Susannah  Grishaev","2022-08-28 10:46:24.0"
"2299330","Ringo Upton Denyakin","2022-10-09 23:20:32.0"
"8807048","Maxi Wilow Mabb","2022-07-21 19:06:46.0"
"2739358","Kliment Town Peele","2022-06-28 14:00:11.0"
"9722019","Jacklin Dorthea McCutheon","2022-09-13 12:06:59.0"
"9948578","Krystal Agna Gudeman","2023-05-25 11:41:09.0"
"1829399","Mick  Tullett","2022-12-21 17:54:55.0"
"4255604","Joete Kristine Kirrage","2023-02-14 21:44:33.0"
"7223800","Bengt Maje Demonge","2022-06-14 08:08:23.0"
"2461616","Mira Daryn Shea","2023-02-26 00:49:31.0"
"2707366","Scottie  Widdowson","2023-02-10 19:34:36.0"
"7614673","Isabelle Mabel Scobbie","2023-01-30 07:28:29.0"
"5577824","Sherwin Doug Oaten","2022-07-06 15:05:54.0"
"1236769","Justino Walther Cawston","2022-08-08 21:30:36.0"
"1874361","Lisa Tersina Dalmon","2022-06-05 03:26:57.0"
"4289318","Elita  Callum","2022-12-29 08:12:49.0"
"5263064","Silvio Rodolfo Maciejewski","2023-01-03 15:32:26.0"
"1179519","Winny Pierrette Bloys","2022-09-18 16:39:59.0"
"4618331","Currie Manfred Trahear","2023-03-17 18:14:24.0"
"6764298","Alejandra  Schnitter","2023-03-25 00:50:58.0"
"8073163","Pembroke  D'Antoni","2022-12-03 09:48:58.0"
"5631495","Rowland  Salan","2023-02-21 15:56:26.0"
"4747365","Yelena  Blowfelde","2022-11-12 15:46:33.0"
"2661784","Darren Griffie Sawell","2023-02-15 17:31:03.0"
"6749459","Elly  Buffery","2023-03-24 06:00:31.0"
"3569216","Terrel  Magarrell","2022-07-12 01:09:28.0"
"7326684","Sharyl Mallissa Matevosian","2023-01-11 17:25:07.0"
"8605581","Garv Eben Cardiff","2023-03-21 12:39:53.0"
"1387910","Giffy  McPeck","2023-03-07 06:45:54.0"
"7221599","Lurleen  Toffano","2023-01-18 02:43:34.0"
"948484","Essa  Bollen","2022-12-02 15:00:26.0"
"3479944","Blake  Pudsall","2023-03-05 18:16:36.0"
"2997791","Latisha  Shurrocks","2022-11-24 20:38:47.0"
"1216273","Michale Farly Feldman","2023-02-07 14:19:06.0"
"974904","Benito  Lamlin","2023-01-18 13:34:45.0"
"6354348","Conny Marlin Fancet","2022-09-22 08:59:58.0"
"2452613","Cassie  Squibb","2022-06-11 13:22:42.0"
"4789347","Gabriell Blakeley Tripe","2023-04-12 14:42:26.0"
"9541670","Karl Giusto Uman","2023-05-21 06:19:41.0"
"831767","Theodoric  Reubbens","2023-04-20 19:49:35.0"
"4649691","Kit  Balling","2023-02-05 09:42:53.0"
"4664015","Ekaterina  Galfour","2023-01-01 16:39:42.0"
"7859122","Ronna  Kreuzer","2022-07-28 10:04:16.0"
"6194893","Birdie Malvina Le Breton","2022-08-15 11:35:53.0"
"8158556","Renado  Blacktin","2022-10-23 20:06:57.0"
"2277052","Ashlen Rora Hawe","2022-06-14 21:17:53.0"
"2164080","Naoma Carmelita Bann","2023-02-13 22:42:33.0"
"8343423","Madella  Pennycord","2022-07-13 02:38:27.0"
"6465755","Aguie  Filler","2022-10-24 13:24:05.0"
"563133","Sheffie Kenton Jedrzejewicz","2022-06-12 08:09:25.0"
"9731231","Darice  Redwood","2022-07-09 17:15:19.0"
"7026130","Allin  O'Leary","2022-12-31 15:48:36.0"
"8018428","Eden Bianca Menhci","2022-08-31 11:12:44.0"
"1988208","Greer Jacqueline Hannen","2022-12-11 09:36:17.0"
"6519873","Kimball  Shadwick","2022-10-16 19:33:13.0"
"9582342","Malvin  Thurlbeck","2022-11-23 18:12:06.0"
"6415838","Dominick Mayne Guildford","2022-08-27 20:02:16.0"
"6691700","Wilbert Randell Connell","2023-03-09 01:33:49.0"
"3985494","Arv  Treppas","2022-10-23 01:53:28.0"
"3988716","Brandy Shelagh Cianni","2022-10-01 14:57:06.0"
"6133382","Archer Bertrand Snaddon","2023-01-22 05:47:30.0"
"3463728","Jaimie Marget Hyett","2022-10-24 20:59:32.0"
"4168752","Carrol Henry Brinsden","2022-07-28 17:40:31.0"
"5601505","Hodge Willard Ruler","2022-09-30 07:39:12.0"
"9058226","Marissa  Bachellier","2023-04-16 05:23:54.0"
"5165487","Jarret Vasilis Sollom","2023-04-05 15:32:27.0"
"4845572","Anna-diana  Edgcombe","2022-08-06 03:25:37.0"
"9091387","Thatch  Stebbings","2022-06-13 21:54:25.0"
"5573040","Patty  Drissell","2022-12-10 21:05:19.0"
"7036294","Allix Viviene Allott","2023-01-10 03:45:53.0"
"2480547","Cherri Lebbie Boden","2022-07-31 22:50:16.0"
"7480285","Eduard  Carwithan","2022-12-26 07:37:32.0"
"5392931","Joey Jose Cordero","2022-06-07 10:40:57.0"
"1425963","Lindy Gavan Gaffney","2022-06-23 05:15:03.0"
"2493481","Leyla Jenni Teresi","2022-05-31 05:40:46.0"
"5775402","Hamid  O' Reagan","2023-03-15 22:05:18.0"
"9452024","Willabella Marni Denne","2022-06-06 21:17:53.0"
"577898","Woodie  Studholme","2022-06-23 13:11:46.0"
"7869895","Currey  Gillett","2022-12-22 15:27:10.0"
"4085830","Shayne  Prior","2022-11-16 20:25:57.0"
"5915974","Morey  Aguirrezabala","2022-06-22 05:23:47.0"
"6741989","Toby Tadeo Cornils","2023-01-17 13:07:21.0"
"8617891","Petr Alfonso Van Velden","2022-09-19 10:59:53.0"
"4662527","Vally  Pauer","2022-09-13 14:29:26.0"
"510490","Belinda  Lottrington","2023-04-17 18:45:30.0"
"1967019","Salim  Stallibrass","2022-12-19 22:20:52.0"
"5495855","Chrissie  Wabersinke","2022-12-21 05:09:41.0"
"3245056","Stafford Inglis Kondratenko","2022-06-16 23:14:07.0"
"9848238","Bastien  Barensky","2022-11-24 18:59:00.0"
"4894709","Deena Latisha Spurge","2022-10-07 20:49:33.0"
"1840973","Trever  McNiff","2022-12-13 23:03:02.0"
"251560","Brok  Carreck","2022-07-04 23:30:12.0"
"429521","Denice  Bumfrey","2023-02-13 03:18:21.0"
"839061","Josefa  Lamba","2023-02-22 18:56:51.0"
"15449","Ike  Figgen","2022-07-26 20:18:00.0"
"417746","Julie Cassandre Von Der Empten","2022-10-06 13:07:51.0"
"4619964","Sunshine  Bride","2023-04-22 18:03:50.0"
"6001601","Abie  Christie","2022-09-15 15:59:56.0"
"5631776","Hadria Winnifred Tunnoch","2022-10-17 01:01:53.0"
"9553551","Darbee Dougy Medcalf","2023-03-21 18:23:16.0"
"2830255","Daphna Steffane Wolfer","2022-09-19 03:59:16.0"
"1759373","Joanne Georgine Bird","2023-01-08 13:30:39.0"
"5254137","Francisco  Stoggell","2022-08-10 17:26:23.0"
"2178877","Elayne Marya Rive","2022-10-25 00:56:17.0"
"7811413","Issy  Wigg","2022-07-11 09:56:17.0"
"1468507","Clara  Agus","2023-04-16 08:14:16.0"
"9655142","Fulvia  Kitley","2022-09-21 12:30:43.0"
"62081","Roarke Jamal Pharaoh","2023-03-27 19:11:21.0"
"639405","Harry  Kelberman","2023-02-04 04:20:55.0"
"9974023","Bay Alonso Farndell","2023-04-25 09:23:29.0"
"6662268","Zoe Candra Vint","2023-01-06 19:18:50.0"
"414330","Carley Eliza Brabant","2022-07-22 22:03:26.0"
"6604870","Janelle  Lawrence","2023-01-02 00:41:30.0"
"7127213","Bearnard  Casetti","2022-08-08 01:45:34.0"
"7986085","Anna-diane Holly Petrozzi","2023-02-17 10:37:21.0"
"4261230","Ody  De Blasi","2022-08-20 11:57:41.0"
"5862309","Rickie  Parham","2023-01-09 09:03:07.0"
"9676788","Cynthea  Duthie","2022-08-31 01:45:02.0"
"1624889","Antone  Meneghelli","2022-07-26 12:12:32.0"
"9084110","Mei Polly Alliban","2022-05-30 15:27:51.0"
"7188547","Ezekiel Art Redford","2023-04-29 19:35:32.0"
"9823373","Theresina  Cometti","2023-01-04 01:37:22.0"
"4434399","Tyrone  Rosi","2023-01-09 00:03:53.0"
"8829292","Guinna  Billings","2023-03-04 16:49:10.0"
"4264143","Elvyn Giffard Mecco","2022-06-27 06:23:27.0"
"6942154","Kurt  Clubb","2023-02-14 10:18:09.0"
"5798678","Brendon  Samet","2022-09-13 01:06:55.0"
"2213775","Blinnie  Anning","2023-02-14 12:40:03.0"
"8025718","Violet Shannon Kencott","2022-08-30 10:58:46.0"
