"Customer Name ","Customer SSN","Payment Amount","Payment Date","Who Makes the Sale"
"Ian Zechariah Brend","3213180","2000.72","2023-03-29","Adolphus Carmine Semarke"
"Sonny Moishe Langstaff","796789","3599.58","2023-05-25","Niki Liza Grimmett"
"Hedda  Cuesta","7094676","2307.05","2022-12-19","Giraldo  Kitchinghan"
"Kevon  Mackrell","163905","3226.54","2022-07-19","Aleta Robenia Eneas"
"Bert Park Dillon","7396324","3341.45","2023-01-11","Bernice  Dragonette"
"Bessy Cate Rosenbush","9280521","5494.51","2022-10-29","Yovonnda  Pena"
"Yalonda  Puttrell","1068250","5636.82","2022-06-10","Cacilie Myrilla Ralls"
"Wallis  Insworth","9369530","4949.06","2022-11-29","Hesther Hedwig Krzyzanowski"
"Atalanta  Sole","7888691","5229.63","2022-06-15","Saxe  Merrigans"
"Julissa  Yoselevitch","6625694","2873.74","2023-01-24","Robert  Mar"
"Erinn  Abrahami","13674","1450.56","2022-09-13","Alicia  Fosbraey"
"Early Martie Devon","3088224","1630.73","2023-03-09","Frederik Martin Blune"
"Karyn Fanya Beavington","6494162","6258.1","2022-10-03","Norean  Davydychev"
"Maisey  Das","633555","6655.68","2022-07-13","Matelda  Yeowell"
"Gerhardine  Leyshon","5481727","3496.44","2022-12-16","Levon Erich Beachem"
"Blanche Loise Edmundson","232468","5010.52","2022-09-30","Zebulon Kelley Cabrara"
"Dav  Monan","5738011","4111.59","2023-05-02","Sherrie Casi Sambeck"
"Lucian  Chew","3475011","2766.88","2022-07-30","Kellie Eimile Gargett"
"Ahmad Will Bramall","163276","2508.46","2022-12-22","Yale Wadsworth Fuzzard"
"Rock  Silby","8817653","6434.76","2023-01-15","Hayward  McMurty"
"Pietrek Orville Sutter","350173","5196.8","2022-07-11","Darla Ranique Hessle"
"Vivyan  Hobgen","8549323","3067.24","2022-11-04","Tucky See Bolin"
"Kaine Zacharie Tupling","9022394","5200.52","2023-02-13","Nicholas Brion Berceros"
"Jacenta Hilda Ashbe","4219345","1719.31","2022-08-01","Chariot  Hutchinson"
"Lancelot  Higounet","2401057","6856.17","2023-01-26","Theo Jase Coite"
"Ferdinande Jenilee Coale","5985270","4832.42","2022-10-15","Barclay  Cousin"
"Bobina Gusta Weatherby","8647870","3810.94","2023-05-11","Aleda Ermengarde Gresham"
"Ker  MacGaughey","9864445","3513.31","2022-12-22","Rubetta Gracia Christy"
"Dolorita Claudie Aronovich","714157","3888.55","2022-09-19","Jerrie Isis Abramino"
"Camille  Orts","5507731","3730.62","2023-02-28","Jenine  Crowth"
"Harbert Harley Free","8554463","1784.96","2022-07-26","Anderson Brnaby Galiford"
"Reg Ailbert Popelay","421834","5353.73","2022-09-05","Maurene Charmain Marte"
"Clarence  McCandie","5977661","753.34","2022-12-20","Paolo Reynolds Stollsteimer"
"Simonne  Bristow","5216644","1769.59","2022-10-13","Hulda  Byllam"
"Ursala  Verman","4065029","792.78","2023-03-01","Phillipe  Vauter"
"Barrett  Attrey","7627718","1323.46","2022-06-24","Norah  Bigglestone"
"Huey  Purshouse","3543016","2280.29","2022-10-04","Kesley  Tant"
"Shepard  Pawlick","3875370","3492.52","2022-11-15","Michal Hobey Ordelt"
"Thomasa Cynde Duckworth","6804573","5588.28","2022-07-20","Ranna Catarina O'Caine"
"Zolly  Allman","2630636","2036.58","2023-01-21","Doralyn Malinde Repper"
"Garry Sherman Clothier","6973301","3453.0","2023-03-30","Danita Maurene Northway"
"Theodore Vinny Moylane","8138640","3214.66","2022-08-16","Nappie Shalom Vlasenkov"
"Kylen Blinny Pressland","6978438","1193.24","2022-07-12","Ginevra Caro Mew"
"Grover Aubert Klaff","8444828","1776.83","2022-07-11","Jesus Tome Saill"
"Taylor  Cockney","3125987","2323.23","2022-07-09","Clotilda  Radnage"
"Ker  McCowan","3698285","5536.83","2023-04-09","Eleanor Amalea Cressey"
"Ado Hillery McGaraghan","9636648","5599.09","2022-06-17","Cal Alick Synder"
"Gert Sandi Doidge","8264597","2350.59","2023-01-25","Woodrow Terence Keford"
"Nadean Cassaundra Meneux","5291937","6358.64","2023-02-03","Jade  Dumphrey"
"Beverly Lanna Tarver","925958","5425.48","2022-11-27","Dante  Demann"
"Skipp  Vooght","5396339","6764.1","2023-04-05","Darb  Assard"
"Carlyn  Kalb","1642116","5761.27","2022-10-01","Maud  Annell"
"Annabell Britte Cowpland","5227502","4815.27","2023-04-29","Purcell  Fillimore"
"Barbabra Fan Powderham","1853618","2720.87","2022-12-02","Erhard Xerxes Troth"
"Juli  Papierz","8690869","5902.4","2022-06-11","Janina Elladine Ambrosini"
"Katlin Aindrea Pady","8722128","5812.97","2022-09-04","Claiborne Olin Devonshire"
"Brigid  Glassford","7528565","3816.49","2023-02-19","Josefa  Draycott"
"Laverna  Caird","3010054","2925.18","2023-02-02","Francois Laurence Clarke"
"Carilyn  Kerne","3020145","3404.82","2023-03-31","Rolland Merwin Kinworthy"
"Clare  Wenger","4389324","4190.07","2022-12-03","Jarrid Carce How"
"Feodora  Tyt","3736929","3818.44","2023-01-07","Clyde  Shellsheere"
"Freda Mercy Kobsch","2443619","4595.32","2023-01-10","Brit  Ithell"
"Breena Bernelle Posselow","1730908","2372.63","2023-02-20","Sheree Juliette Panswick"
"Verna  Obal","9251842","1610.46","2023-03-05","Sinclair  Barhems"
"Rutter  Nijs","6909308","6363.95","2022-11-18","Vida  McKennan"
"Birdie Lisa Rowly","3659671","1759.74","2023-03-25","Cyb Mercedes Kirimaa"
"Clemence Reba Ainslee","7794809","2586.01","2022-09-23","Griffy  Bedder"
"Micki  Gough","6494058","4171.75","2022-06-18","Kilian  Conkling"
"Thelma  Tatlowe","5662240","1450.99","2022-07-14","Feliks Lorant Burgisi"
"Vinnie Arte Barrington","8250810","5534.25","2023-01-18","Phil Ivonne McNeely"
"Nikki  Sperry","7709279","1416.71","2023-01-27","Hannie  Brookz"
"Urban  Pashley","8145910","6103.06","2022-10-15","Kile  Yven"
"Thomasina  Middle","5206210","5029.21","2022-09-03","Shanda Annice Moulder"
"Diann  Warburton","6734419","2889.44","2023-05-09","Mathe Gearalt Ennor"
"Jere  Edgin","7050895","2601.46","2022-07-13","Benedicto  Mallia"
"Antoni Aleksandr Picott","8475777","2028.04","2023-04-14","Reamonn  Carroll"
"Sophie Daphne Kluge","41246","5609.83","2023-01-15","Artie  Winterbotham"
"Maris  Lannon","2952307","4994.83","2022-12-06","Berty  Leipoldt"
"Walton  Highwood","3062502","5744.11","2023-04-22","Edita Druci Burgoyne"
"Lorri Myrtice Sugg","7893737","1469.32","2022-12-23","Ferdinanda Chiquita Rides"
"Leda  Hammelberg","8750845","1247.01","2022-09-25","Wilmer Ethe Chopping"
"Elisabet Milicent Mughal","3909543","2574.8","2023-01-26","Dianemarie  Geeves"
"Rick Garv Gawn","596951","2752.66","2022-11-09","Tom Odell Pinchon"
"Stacia Paula Harwick","730414","1163.09","2022-06-02","Melita Ramonda Iuorio"
"Hobey  Sime","4377654","1322.25","2023-04-18","Fionnula  Vaulkhard"
"Ulises  MacKissack","1919730","2497.25","2022-06-24","Mavis Clareta Joss"
"Maurene Lorelle Coultas","7953092","2073.08","2022-06-23","Berget  Farrant"
"Malynda Caroline Corsor","991077","4629.59","2023-01-31","Briana Christyna Caddick"
"Salem  Tembey","6680010","1198.62","2022-10-22","Nevile  Moyse"
"Ambrosio Kleon Brigham","3733571","1244.11","2023-03-03","Billie  Sheach"
"Cicily Phaedra Pollastrone","6863150","606.44","2023-02-27","Tiebold  Osipenko"
"Vince  Chalmers","5752079","2417.6","2022-11-12","Ernestus Walker Lackinton"
"Anett Rorie Skuce","6801892","5702.63","2023-05-26","Gabie Trent Sinncock"
"Jeffrey  Carryer","1995192","1920.71","2022-10-27","Querida Kippy De Meyer"
"Brody Arnaldo Doggett","2526961","6442.46","2023-05-26","Demetra Carin Bartolini"
"Myrtie Moyra Sackes","6530681","5785.28","2023-02-05","Amie Ange Poynor"
"Gigi Susan Leigh","1340270","4990.52","2022-07-23","Danya Cassaundra Cockarill"
"Rogerio Jayson Jukubczak","7303604","6830.73","2023-05-01","Nobie Thorpe Swiggs"
"Algernon  Leversuch","3359468","3127.07","2022-09-18","Pepi Eloise Bowry"
"Mitchael  Glassard","2495354","3478.27","2023-02-03","Wright  Hanway"
"Edsel  Syrie","5755361","1956.61","2023-05-16","Ronalda Daile Blezard"
"Norine  Clayworth","4743840","6746.32","2022-12-23","Ashlin  Skechley"
"Claribel  Lowres","1165403","2574.08","2023-04-24","Shauna  Poad"
"Gaile  Fernier","4148660","3275.38","2022-12-26","Darya Opaline Etchell"
"Ruthie Maddalena Terzza","4625344","4898.58","2022-06-15","Fabian  Covil"
"Harriette Bendite Ffoulkes","5691794","5657.56","2022-09-19","Basilio  Soulsby"
"Sophey Pru Salerg","3236465","2707.29","2023-02-28","Arman  Southorn"
"Rudyard Nil Farran","7182073","4609.33","2023-03-22","Nestor  Slucock"
"Averell Garvin Garnul","3459830","3500.65","2023-04-04","Monti Lenard Bertomieu"
"Jeremiah  Kelberman","3409198","1773.31","2023-01-01","Gage  Pybus"
"Barris Ev Colby","5894710","6081.8","2022-12-29","Neala  Labet"
"Brandyn Dene Spondley","7491115","5170.17","2022-11-14","Melony Queenie Curness"
"Salvidor Forster Stallen","4083873","5171.48","2022-09-27","Charlot  Jakubski"
"Ericha Anthia Hitcham","1098111","2478.15","2022-12-22","Gibb  Halsworth"
"Arvy  Pankethman","4449812","4405.37","2022-09-17","Morly Fitz Astin"
"Cherey  Gambie","5436916","4208.78","2022-12-24","Paton  Laughton"
"Bradley Morton Willcox","5987671","2545.14","2022-10-27","Theo  Krop"
"Torrie Ilene Kaesmans","1485233","4380.01","2022-12-31","Norine  Elfleet"
"Hamel Donal Legges","8796548","3142.58","2022-12-20","Tawsha Ronnie Ranken"
"Pancho  Shellibeer","2589494","921.8","2022-12-14","Caddric  Dunlop"
"Mayer Crichton MacGettigen","3602579","4599.89","2022-08-01","Mahalia  Dymoke"
"Elyse  Dibsdale","6749459","3196.71","2023-01-12","Nickie  Mullineux"
"Paule Kristen Mokes","8968031","2107.3","2023-03-05","Krysta Sorcha Jaher"
"Hyacinthie  Jude","6758332","4099.53","2022-10-24","Megen  Thing"
"Palmer Selig Trunby","6472832","1998.88","2023-02-02","Drona Karlee Marnes"
"Querida  Howick","3670394","1815.18","2022-06-15","Matteo Rudyard Gamlen"
"Ricard  Connors","5217891","1278.69","2022-07-15","Anabelle Jada Garley"
"Ram Fax Meneyer","653947","6422.63","2022-12-18","Petr  Beresford"
"Robinet  Beinisch","6983978","749.01","2022-07-19","Janet Olivie Kochs"
"Marcellus  Braunes","3438950","6154.24","2022-09-07","Minnnie Linet Younge"
"Minnnie Reiko Trevaskiss","4364594","1580.9","2022-07-08","Kittie Dody Tebbe"
"Salomi  Alcock","1660445","4196.69","2022-07-16","Lev  Castagneri"
"Othello Fee Swann","8477223","5271.58","2022-12-10","Jorrie Hedwiga Schonfeld"
"Ahmad Faulkner Longshaw","2425303","527.35","2023-01-25","Dru  Pes"
"Cecily  Eicke","4994382","5874.64","2023-01-23","Kippie Eda Gyse"
"Ginnifer  Ciccone","114717","6777.84","2022-08-25","Arturo Marve Aizikowitz"
"Opaline Gladi Paddeley","976484","3111.38","2022-07-11","Jaine  Pynn"
"Drucie Ola Somerfield","2153282","3537.8","2022-10-08","Barnaby Valdemar Szimon"
"Tobi Marta Cawthron","1165237","6715.76","2023-03-26","Shelly Dorise Edleston"
"Nate Lucien Chater","8754781","6685.48","2023-03-22","Jessika Xylina Hebbes"
"Artemus Westley Riseborough","1844789","2136.53","2022-07-07","Wiatt  Piele"
"Melamie  Flacknell","9312488","2319.25","2022-08-06","Brendan  Rutland"
"Chico  Woodroof","1628506","1025.91","2022-09-12","Selene Dorthy Tick"
"Benton Valentine Sinnie","8919508","1457.53","2023-05-29","Michal Gillian Perillo"
"Wit  Fillingham","3433912","6584.05","2022-08-06","Mathe  Gallant"
"Lazar  Doumer","9919855","2538.85","2023-03-21","Alfy  Deluca"
"Mildrid  Totton","9610380","6965.81","2022-06-09","Von Arlen Cowap"
"Orran  Guiver","6984897","3943.24","2023-01-04","Averil  Grizard"
"Arel  Owain","7992101","2750.14","2023-05-15","Orelle Gwendolyn Whittlesey"
"Harmonie  Handasyde","8428042","2205.6","2023-04-14","Ingaberg  Hambly"
"Karlee  Cordobes","1093887","5965.14","2022-12-03","Inna Buffy Passman"
"Elset Margit Bendon","7876001","1719.77","2022-09-23","Frank Morris Livick"
"Quinlan  Yallop","9968100","5067.26","2022-07-18","Orren  Cork"
"Berkley  Riglesford","5504548","2510.98","2023-05-16","Reider Kale Prangle"
"Ade Marwin Basey","8940752","975.95","2022-06-06","Linus Fulton Ratt"
"Darice Mirilla Dudeney","4217704","1713.0","2022-08-29","Kris Wendel Tyt"
"Elia  Bernette","1334007","2278.15","2023-04-03","Ilka Clarita Paszak"
"Chrisse Freddie Balf","9577845","4238.28","2023-04-15","Matelda  Swepstone"
"Abby Mathew Hariot","9583034","5677.43","2022-11-24","Kath  Rasch"
"Tremain  MacGinlay","5308277","4770.74","2023-05-21","Bobina Rhianna Corkitt"
"Daryl Vinny MacAnulty","8554589","6529.96","2022-11-02","Phillie  Foucard"
"Yorker  Vaulkhard","2363456","734.53","2022-12-17","Junia  Escale"
"Lesley  Daddow","679495","2696.1","2022-08-12","Alena  Bendixen"
"Markos Halsy Bourgeois","5870620","3256.97","2022-12-02","Tiffie  Harhoff"
"Lindsey  Drage","8434996","2251.98","2022-06-13","Waldon  Buttel"
"Sibylla  Climo","4900112","932.04","2023-03-12","Erwin Christopher Gorse"
"Vinnie Otha Neads","7111122","5157.84","2022-09-18","Kayle Coraline Janicijevic"
"Olivette Veronika Hargrove","4090621","5439.84","2023-05-09","Lula  Wudeland"
"Brok  MacGorrie","4422420","2045.58","2023-04-26","Mill Bruis Thirsk"
"Michele  Dewicke","7092926","3274.02","2022-08-10","Camella Eve Mallatratt"
"Micky Gillian Casassa","2339912","762.35","2022-06-05","Husain Burl Chisman"
"Morlee Barnie Faraday","4886917","3554.82","2022-08-15","Pavla Mufinella Moreman"
"Jackqueline  Westlake","7846469","2910.87","2023-05-26","Minnie Row Cogdell"
"Chariot  MacGowing","1529578","1854.49","2022-11-05","Etheline Sonja Kops"
"Ailee Willetta Housen","885089","2307.4","2023-01-26","Vincents Alfie Castiglio"
"Burke  Rowsell","4566738","1447.99","2022-09-09","Valentina Anett Douse"
"Dominic  Comino","1826483","4991.13","2023-04-24","Kennedy Heindrick Pinfold"
"Hazel  Daile","965889","2252.09","2022-08-30","Caryl  Slimmon"
"Devinne Giuditta Kimblen","9031456","3893.74","2022-10-19","Frank Robinett Neasam"
"Monte Isidore Trass","735793","920.35","2023-01-22","Stanford  Hatrick"
"Garnet Alexina Rolston","1266902","2542.9","2022-09-04","Dew Grenville Cowndley"
"Clarke Gerick Hackley","7093615","6417.74","2022-10-24","Ulrica  Stiff"
"Beatrice  Randall","9022500","2161.21","2023-03-05","Cosme Brady Lally"
"Ulises Torin Ourry","236344","6587.03","2022-06-06","Lev Goran Paget"
"Stanton Christophorus Tink","6454802","4103.1","2022-09-06","Jacky Lianne Duckworth"
"Skyler Sutherland Learmonth","4971261","1181.4","2022-12-22","Lonee Lillis Bagworth"
"Rubina  Tante","2317464","1688.18","2022-08-25","Toby Lorant Udden"
"Derron  O'Duggan","8982115","5705.95","2022-08-23","Hadlee Bryn Gilyatt"
"Ellissa Sioux Abramchik","1155353","5845.95","2023-01-04","Xenia  Dixey"
"Nanny Quintina Ritchard","7629739","1885.78","2023-02-19","Kirstyn Emmeline Petyakov"
"Edd  Storre","8297220","6603.84","2023-03-28","Jeremias  Dudeney"
"Torey  Kneeland","8931152","6065.19","2023-01-27","Brnaba Ossie Drawmer"
"Naoma Esma Sapena","1713951","6639.4","2022-08-27","Ilaire  Greenhough"
"Dulcea  Jagger","1856373","4455.56","2022-09-28","Bradney  Pearton"
"Noah  Bovaird","5788671","3421.47","2023-05-08","Coretta  Raspel"
"Hastings Sutherland Beddall","9102712","4546.42","2023-01-19","Roldan  Derham"
"Yoshi  Nuscha","4826158","4247.82","2022-09-08","Jsandye  Cholonin"
"Hernando Garret Kitley","2972563","2811.69","2023-01-29","Titos Killian Rogeon"
"Deina  Egar","7358105","1602.9","2022-06-27","Shel  Switzer"
"Isabella Kitty Marshalleck","2904452","1440.8","2023-03-31","Inger  Esmead"
"Rab Mario Langhor","3513701","2861.51","2022-07-01","Quent Robert Flewett"
"Norry  Biggans","6189365","1208.19","2023-03-30","Tammy Ban De Cristoforo"
"Kalli  Kobisch","4331415","706.38","2022-12-20","Jobye  Cosans"
"Natale  Clewley","4849796","2307.15","2022-11-16","Leanna  Ridgeway"
"Matilda  Tomenson","5724046","2503.84","2022-09-02","Celestyna  Laytham"
"Marylou  Skelly","9385974","6524.36","2023-01-17","Glory Sydelle Leupoldt"
"Thelma  Colbert","3716328","3211.83","2022-11-29","Anne-marie Claire Cosbey"
"Genevieve  MacAlpin","7541957","2520.74","2023-04-15","Vite Bradney Duker"
"Micah  Ornelas","3161655","4956.79","2022-08-31","Fredric Reg Ick"
"Barb  Bisseker","9578123","2276.6","2023-01-05","Yettie Adda Hillan"
"Mozelle Catlee Ruprich","6325913","6295.83","2022-10-18","Lorilee  Crollman"
"Jorey  Pink","4274995","3735.5","2023-04-29","Arlette Devora Skells"
"Forbes  Bexley","7333514","975.97","2022-09-29","Revkah  Krates"
"Genvieve Fancie Peatheyjohns","5975810","4653.18","2023-01-08","Beatriz Georgeanne Diplock"
"Roberto  Dadley","1840499","4079.87","2023-04-25","Mercie  McShane"
"Gael Trude Joret","9701385","6485.58","2023-01-03","Remus  Buddock"
"Hermina  Evins","3701781","4541.68","2022-07-26","Klara  Jirek"
"Leonore  Mayte","1323273","3741.83","2022-07-22","Davidde  Dilawey"
"Rolando Konstantine Tippler","6755487","1464.81","2023-01-16","Lydia  Haddick"
"Shirline  Casarili","1827396","817.97","2022-11-05","Orv  Tellenbrok"
"Read  Cranny","7009818","4069.64","2023-03-14","Raynell Shela Browett"
"Dex Free Maudett","4587962","1429.69","2022-08-10","Othilie Elizabet Capponeer"
"Dewie  Josowitz","6984392","5952.45","2022-12-19","Clari  Marcam"
"Nikki  Thorold","3713152","2281.11","2023-01-09","Flory Marylinda Hewlings"
"Nero Granthem Godsmark","6353983","2321.66","2022-09-29","Adriena  Issitt"
"Robert Moise Beaudry","5607953","3907.92","2023-04-15","Hayes  Brosenius"
"Gayel Olympia Hebbs","164296","6912.61","2022-12-26","Bellanca Martica Schurcke"
"Cece  Wetton","702757","4400.07","2022-11-20","Vasily  Hissett"
"Tris  Marien","8775201","2562.08","2022-08-10","Barty  Tocknell"
"Gayelord Onfre McKillop","6170971","6676.04","2023-01-15","Angeli  Alvis"
"Teodoro Brandy Holsey","5334071","6666.18","2022-12-08","Aaren Amberly Featenby"
"Christophorus Duane Tuxill","7986378","6817.1","2023-04-18","Marcellus  Strangman"
"Minette  Trussler","7505944","4877.8","2023-04-07","Titos Edmund Took"
"Quent Gael Levesley","5550224","5213.75","2022-10-07","Hobart Torry Vose"
"Hilde  Dalliwater","4794494","2887.08","2022-08-23","Tan Linn Clunan"
"Helene Jenda Krolman","2182175","3606.84","2023-02-28","Nikki  Galley"
"Gloria  Pizey","4815404","3506.44","2022-06-08","Konrad Camey Douglas"
"Ulrika  Farncomb","4558548","5478.86","2022-08-04","Derrek  Polo"
"Marlo  Kippin","4483909","4467.94","2022-06-11","Chicky Marina Lansberry"
"Elli  McGeaney","614252","6277.75","2023-03-11","Juliette Maurizia Douty"
"Christophe Sheffie Heindl","4307550","2174.14","2022-10-24","Tina Lacy Gosney"
"Donnell  Dmitrovic","9261545","5302.55","2023-04-26","Fayina Alexa Maulden"
"Langsdon  Paolo","515891","4559.29","2022-08-18","Bev Durand Haxbie"
"Odessa Claudelle Grugerr","7695424","625.6","2022-08-20","Standford  Brimicombe"
"Niki  Poutress","5785635","4131.87","2022-12-18","Ellyn  Brudenell"
"Orly  Dudliston","3161473","3219.39","2023-04-19","Tove  Cottis"
"Charita Sile Nalder","3871085","4619.04","2023-02-21","Anson  Pesticcio"
"Franklin  Eat","9724253","6467.38","2022-09-20","Ennis Tully Hellyar"
"Aeriel  Miguel","2884197","1341.35","2023-01-22","Dehlia Dorthea De Souza"
"Rurik  Hollyar","4039117","5188.17","2022-12-30","Cy  Shah"
"Adore  Mayers","4077704","650.14","2022-10-15","Glennis  Breckon"
"Coral  Foulstone","998904","5883.56","2022-09-03","Marius  Critzen"
"Kingsly Raimondo Wordesworth","2675395","1499.4","2023-01-12","Walther Zacharias Marshalleck"
"David Rodger Montford","2142469","982.23","2023-04-21","Minor Alfons Shirland"
"Duffie Gale Haskett","8680767","1677.99","2022-07-31","Tomasine  Tew"
"Aila  D'Alessio","2114310","3319.28","2022-07-09","Grange Miguel Blaxill"
"Jeremy  Sunderland","4254953","3184.87","2023-05-24","Dinah  Ikringill"
"Gayler  Murfin","1911270","5400.54","2023-02-17","Emelina Martie Pringley"
"Vania  Yarn","9358128","2343.79","2022-10-10","Teddie Teodorico Daffern"
"Elinore Pammi Pryde","2859924","3782.86","2022-10-15","Francesco  Drache"
"Wilone  Fearnill","4014789","6253.39","2023-04-27","Augie Davey Westgarth"
"Gunter  Mingotti","7478737","3704.44","2022-09-20","Faye  Berthome"
"Kacey  Dodell","3323101","1109.16","2023-02-04","Dwight  Airton"
"Merrie  Dryden","8580636","1578.56","2022-10-24","Dinnie  Cutridge"
"Janean  Ivantsov","1542457","1199.03","2022-08-20","Peria Melessa Piggot"
"Ann-marie Poppy Grunbaum","8920765","1227.25","2022-12-31","Flynn  Pomfrett"
"Ellie Ernaline Sorrel","4965565","3372.55","2023-03-31","Eugene  Bellew"
"Randie Sabra Crofts","4283662","5284.57","2023-05-18","Lissi Madelin Winfindale"
"Zarla Harriette Firpo","971634","761.03","2022-12-03","Cinnamon Michelina Gravett"
"Rriocard Ernst Whetson","5377348","4859.65","2023-05-25","Ingunna  Leale"
"Carl Korey Fossett","3961920","2134.35","2023-05-28","Dela Jean Tapping"
"Shannon Gawen Sobczak","77245","5101.68","2022-10-19","Isadore  Amiranda"
"Glendon  Downton","6913799","3967.73","2023-05-13","Rockey  Aronstam"
"Olenolin  Kesby","6787438","3397.2","2022-08-06","Dalila Jacquetta Rapa"
"Jamison Mace Vaskin","9829750","3330.98","2023-03-27","Edgardo  Durand"
"Bettina Lulita Hayler","767657","6463.86","2022-09-28","Meyer Clim Hodgin"
"Korey  Bowller","6750917","5239.51","2023-03-25","Marlowe  Guisby"
"Calhoun  Tremberth","545398","2219.93","2022-06-24","Ingmar Toby Pierpoint"
"Cissy Berget Abramovic","8657973","1053.31","2023-04-13","Camilla Almira Giacomello"
"Sharona  Batalle","7956156","6041.11","2023-04-30","Hercule  Gillean"
"Sol Chariot Kinnerk","937455","2033.01","2023-04-12","Delila Julienne Strangward"
"Finn Brod Gully","8941148","3212.19","2022-11-19","Abbye  Ingledow"
"Tadeo  Maving","1914739","3151.47","2022-12-02","Alys Brigitte O' Sullivan"
"Eloisa Herta Mingardo","1356445","5905.69","2022-11-01","Grantley  Busson"
"Sibylle Lurette Durtnall","1499102","4602.81","2023-01-25","Christa  Hemstead"
"Charlene Annabel Jan","2897838","1016.13","2023-03-14","Henri Marlon Endecott"
"Bertine  Pointon","3124710","6834.32","2022-08-23","Cirillo Lars Wannan"
"Izabel  Mohammed","9818556","2026.72","2023-03-31","Erhart  Ching"
"Antonetta Klarika Marriner","8533478","6500.46","2022-09-28","Rivalee Arlee Fladgate"
"Petronia  Zuker","7160259","6562.6","2022-11-14","Farra Maia Jacobsohn"
"Richie Jared Bourdel","9748721","4863.53","2022-12-08","Mariel  Benedtti"
"Willow  Pryer","9976267","6640.92","2023-05-18","Jessie Georgy Dunican"
"Ilsa  Port","6181002","5467.52","2023-04-19","Shea  Cockill"
"Rowan  Gannaway","15512","6561.25","2023-01-13","Sosanna  Glitherow"
"Wynn  Scipsey","6822462","5440.66","2023-03-22","Randa Shannen Oakwell"
"Irwin  Gregine","3063588","6562.85","2023-04-18","Tasha Siouxie Pendlenton"
"Pierette  O'Corrane","9252443","3295.33","2022-12-25","Karlis Hew Waghorn"
"Chandal Biddy Master","8555151","5592.34","2023-05-08","Isadora Kelila Kenryd"
"Thomasine Dorette O'Neill","695647","4847.29","2022-07-24","Lil Sonya Benkhe"
"Ronnica Doralin Mattingly","6772363","5623.39","2023-03-31","Frazer Neale Daffey"
"Benedikta Ted Winstone","460834","5238.38","2022-08-07","Rawley  Delacote"
"Hayes  McDougall","2734406","5968.61","2023-01-07","Mellicent Cristin Baulch"
"Gerrard Hubie Sayer","3543475","1708.94","2022-08-19","Andy Ricky Pizer"
"Loralee Merralee Huxley","8262877","5667.87","2022-11-28","Drud  Noyce"
"Hogan Willard Clubley","8878974","6620.24","2022-08-03","Roosevelt Siward Wheway"
"Miquela Catlee MacPeice","6834862","2328.34","2023-04-04","Hesther Oralle Stearn"
"Dinah Agneta Inggall","9806169","4783.48","2023-01-04","Caesar  Adamiec"
"Jillana Gerta Tiffany","7969397","2777.15","2022-08-16","Joey  Handscomb"
"Jakie  Davidde","1128815","3070.58","2022-12-19","Ashbey  Bastian"
"Tiertza Vere Rozycki","407868","5747.11","2023-04-20","Lari  Alfonsetti"
"Donaugh  Gave","8952615","4419.58","2023-03-13","Boothe Gaylor Haller"
"Ali  Plowes","5568003","552.63","2022-10-30","Hieronymus  McDougald"
"Tricia Merrile Caney","4383147","6173.2","2022-09-20","Westbrooke Esteban Follis"
"Jakob Hugh Verna","2898720","1061.74","2022-06-29","Halette Gloria Pearne"
"Howey Kalil Kyndred","7000265","4743.36","2022-06-22","Zsa zsa Nadya Dunmuir"
"Amitie  Tathacott","8983337","5559.85","2022-12-23","Angelica Mikaela Cavie"
"Clemmie Aldric Thornton","7749506","718.66","2022-07-12","Cloris Angelita Snelgrove"
"Port  Cottie","7825775","3089.08","2022-11-02","Krisha  Jiles"
"Normie  Kramer","4551861","3582.18","2023-01-30","Laura Mildred Blackborn"
"Alphonse Frederik Meaddowcroft","4866143","2928.47","2022-06-14","Heinrik Johnnie Burgess"
"Janis  Yosselevitch","2491252","5495.39","2023-01-13","Karmen  Rehme"
"Creight  Dietz","9896992","6653.24","2023-03-01","Alida  Dunnett"
"Tawsha Ruthe Paumier","2984390","5631.08","2022-09-16","Poul  Sheach"
"Terence Hayyim Mateescu","1926722","6973.01","2022-07-27","Ozzy  McGillivrie"
"Debby  Gorriessen","881207","3199.39","2023-04-03","Hal Fabien Roughley"
"Kalil Giustino Ruller","4436427","1220.57","2023-02-13","Annabell Faythe Peret"
"Penny Josephina Burrage","4007102","4624.04","2023-03-01","Lynne  Sprigg"
"Betsy Moreen Gilogly","4751968","6123.15","2023-01-30","Glennie Elvera Cettell"
"Maurita Karin Dymott","3140574","766.08","2022-08-30","Ethelind Rivi Joubert"
"Sheryl  Lofting","552691","1746.71","2022-07-23","Elisha Noble Kinnock"
"Lyndsey Emmye Arr","1597546","6573.29","2022-08-24","Sheffy Gavin Heddy"
"Meridel Mercy Sennett","8003406","6879.26","2023-01-08","Eugenie  Marquess"
"Kacy  Goulstone","4238892","1950.46","2023-05-11","Elladine  Ricker"
"Osmond Fitzgerald Matten","7813326","6795.71","2022-12-02","Fara  Davet"
"Cyrus  Cottu","681316","6422.92","2022-08-08","Erasmus Cleavland Lefeuvre"
"Basia Ania Biermatowicz","2145469","5015.45","2023-02-24","Aleda Bibi Cheshir"
"Geoff Turner Greggor","9022719","4022.18","2023-01-23","Valentine Sela Sarjent"
"Wolfie  Coverdill","7372721","752.97","2022-10-07","Gisella Dorris Lile"
"Ahmed Salmon Gratten","9833284","2874.77","2022-12-29","Lauren  Bento"
"Gregorius  Jillions","2417760","3910.94","2022-10-11","Corena  Greedy"
"Neila Isadora Eberts","707983","1064.04","2023-01-02","Linea  Fretwell"
"Nike  Brandts","1482526","3787.82","2022-07-05","Reid  Leinweber"
"Kyle Mikael Wulfinger","4016505","2816.4","2022-07-24","Caria  Torrijos"
"Mela Margarita See","2023771","2594.8","2023-05-28","Logan Sim Grono"
"Moss  Cottom","7947223","5208.08","2022-11-18","Nanni  Ower"
"Korey  Shildrick","2628015","5204.67","2022-08-10","Jephthah  Lammenga"
"Willy  Oxtaby","7841352","594.28","2022-11-14","Leonardo Flint Pitchers"
"Constantina  Tatem","7632650","2968.62","2022-08-21","Avril  Geistbeck"
"Teddi Carlynn Orpyne","2790748","879.75","2022-12-21","Amil Jeanna Godfery"
"Christiano  Petow","2796540","4475.06","2022-07-08","Redd Ewart Houchin"
"Eilis Doralyn Mustarde","1117515","6177.26","2023-01-02","Ezri  Seager"
"Marysa Mehetabel Doumenc","9164321","6859.32","2023-02-06","Emlynn  Vango"
"Adriano Huntlee Preddle","2530749","929.06","2023-03-13","Elsinore  Joll"
"Madelon  Furneaux","7112397","1556.81","2023-05-13","Tan Corbet Habbijam"
"Marcelo  Cabrales","2555009","4387.57","2022-08-21","Bastien  Spendley"
"Darin  Pierpoint","9385391","6603.47","2022-07-17","Sonni  Sincock"
"Farica  Lampert","931372","2205.31","2022-11-23","Amby  Pryer"
"Kandace  Stitch","8681696","2198.93","2022-12-05","Zorah Arabella Udale"
"Ealasaid Clarice Hennington","1660164","4364.42","2023-01-27","Nikolas Aldo Doreward"
"Tore  Zavattieri","8216373","6495.3","2023-05-07","Vidovik Court Ludman"
"Olympia  Chown","4499151","4656.22","2022-09-03","Elbertina Bathsheba Connal"
"Blakelee  Du Fray","2023914","4551.45","2022-06-25","Homere  Cardinale"
"Had  Balle","9361155","5114.6","2022-11-19","Huey Pietro Ludlam"
"Aubert  McCarrick","9260845","5576.1","2023-04-01","Sydelle Hermia Villiers"
"Skipp Des Scotchford","8098064","5611.6","2022-11-22","Coriss Tabbie Guirau"
"Evelyn  Sisland","6672656","5597.7","2022-12-24","Alidia Gipsy Kerrey"
"Dov Willard Pettifer","1959730","2856.2","2022-10-25","Lawry  Watkiss"
"Silvester  Boniface","1674328","3986.56","2022-11-17","Brenda  Camolli"
"Vasili  Allcroft","4657440","5298.29","2022-07-06","Elvyn  Enright"
"Zsa zsa Sarina Pebworth","8489382","1398.29","2023-05-06","Wilton Sinclare Isakson"
"Hamnet  Stembridge","1294976","4853.11","2023-05-14","Jamison Massimo Leipoldt"
"Athena  Timbs","4577260","3150.09","2022-10-08","Averyl Kamila Farrey"
"Barnabe  Prendiville","1330293","5829.36","2022-08-17","Brooks Ruthi Bodham"
"Elnore  Giacoppo","5435948","2855.53","2022-07-07","Laurella  Lavell"
"Allsun Bliss Mantha","9345598","666.7","2022-11-28","Kelley  Scripture"
"Constantina Gusti Gatenby","4927086","4228.8","2023-03-01","Amelita Jerrine Spong"
"Bathsheba  Gollard","2604010","5797.21","2022-11-25","Nathanial  Grimditch"
"Blair Consolata Windley","6568197","4275.93","2023-04-03","Quinn  Corsham"
"Stearne  Whitemarsh","7054029","2042.46","2023-03-01","Karia Daryn Semechik"
"Virgie Coleman Hallex","1894779","3009.25","2022-06-21","Alvy  Searle"
"Benjamen  Disley","1446275","3214.42","2022-09-10","Fallon  Gronou"
"Marje  Reyna","510408","4922.69","2022-09-10","Osborn  Suffe"
"Nickola Fritz Iggo","6130124","5820.75","2022-11-29","Jackie Roch McKern"
"Sebastian  Ife","1074747","2573.7","2023-01-08","Vallie  Tander"
"Gisella Vere Cabbell","6047138","2440.47","2022-08-17","Bing  Boskell"
"Rafa Lebbie Vine","4617819","6056.2","2022-05-30","Ekaterina  Toward"
"Bernita  Esselen","11562","5508.12","2022-08-02","Elinore Cynthy Tasch"
"Dirk  Caselick","9939500","5098.69","2022-10-12","Daron  Copnar"
"Alwyn  Harwell","5025417","854.18","2023-05-19","Parrnell Ricard Kingett"
"Kit Ulla Tretwell","9252770","3423.73","2022-09-15","Kayne Rad Crutch"
"Dolores Del Muldowney","647086","2456.76","2022-11-28","Valene Gypsy Demaine"
"Jared  Le Bosse","1904939","4316.83","2022-12-07","Adrea Koren De Ferrari"
"Garey Kinsley Braksper","8667027","4407.99","2022-12-10","Oran Dalli Ilyunin"
"Perkin Conrad Gidney","3116812","2756.3","2023-05-08","Ronny Leland O'Doherty"
"Freddie  Btham","4205029","3543.46","2023-04-15","Glennis Irena Meynell"
"Adelle  Raigatt","2727528","3000.48","2023-05-02","Chariot  Hubberstey"
"Friedrick  Orleton","8113131","805.37","2023-02-12","Kimbra  Giacomini"
"Allys Barry Bennington","6814568","1664.69","2022-10-02","Berget Fernanda Kingescot"
"Chrissy  Sapir","5753780","3992.85","2023-03-27","Bay Obediah Brecknell"
"Bentley  Stichel","5636005","2967.73","2023-05-22","Robinet Guenevere Gibbard"
"Emmalynne Ileane Blazevic","2613281","1771.35","2023-04-23","Dalli  Silson"
"Nelia  McGinn","8187841","6722.15","2022-12-03","Clive  Hentzeler"
"Wallas  Perrett","474124","6083.64","2022-08-14","Dar  St Quenin"
"Billy  Belward","8850984","523.81","2022-07-15","Harlan Gib Vost"
"Lexis Trixi Seccombe","1110372","3350.8","2022-11-14","Whit Alix Sugg"
"Daffie  Zavattiero","2550474","1685.22","2023-01-28","Renelle Jacquenette Roddie"
"Farlay  Cottisford","7285378","3280.65","2022-06-08","Nissa Edie Licciardi"
"Ruttger  Speechley","9260401","6388.16","2023-04-29","Ian Garwin Paoletti"
"Jephthah  Aries","5266422","5304.0","2023-01-20","Karleen Kayley Bidnall"
"Malina Sile Pren","1965658","6179.95","2023-04-05","Kendell  Bantock"
"Alfie  de Courcy","2576806","5378.15","2022-12-01","Ambrosio  Absolem"
"Daile Delila Kipling","9990117","3797.5","2023-01-12","Teresina  Loalday"
"Harold Raffaello Feldstein","573775","1324.28","2023-05-22","Sacha  Josephs"
"Margareta  Le Provost","4824200","2281.4","2023-04-25","Randee Marline Samweyes"
"Cash  Kornel","1462292","5197.16","2022-08-12","Rori Maye Wordsworth"
"Terrie Wilhelmine Spurritt","7400074","3097.05","2022-10-05","Drugi Jerome Sussex"
"Micheal Fairfax Adamson","374215","6376.82","2022-12-03","Lockwood Gunter Earlam"
"Shaylah Kari Scotfurth","8939605","1925.79","2023-02-13","Zacherie Drew Fudger"
"Eldon  Simnell","8153032","2396.89","2023-04-25","Athene  Bridgestock"
"Raeann Anya Clatworthy","9143972","663.03","2023-02-08","Abelard  Lelande"
"Arnie  Olivelli","2544042","527.16","2022-06-26","Pascale  Rockell"
"Debee  Hawksworth","1673513","4369.11","2023-01-10","Madalena Guillema Da Costa"
"Lily Ella Keppy","5137482","6376.28","2023-03-03","Drusie Celinda Burkinshaw"
"Suzy Tedi Winson","1334645","3295.74","2023-03-10","Lon  Potticary"
"Daniella  Duthie","8720254","2075.44","2022-06-10","Melesa  Lendon"
"Tamarah Shoshanna Walczak","2163161","2388.59","2023-04-07","Candra Dody Muriel"
"Everard  Cuolahan","1972345","768.14","2022-08-18","Valeda Jenica Pickup"
"Oneida  Mathes","8827079","3265.63","2022-10-31","Ashby  Yurikov"
"Christoforo Salvidor Sim","3038306","6694.65","2022-08-31","Lynda Bernadene Castiglione"
"Neils Stephan Aldrich","8391421","2856.0","2023-04-22","Lion  Zecchinii"
"Alejandra  Wrey","1723375","720.06","2022-11-16","Johnette  Thumann"
"Cathi  Lohoar","8034541","4834.31","2022-06-04","Thaine  Chesterfield"
"Mariele  Balcombe","8700879","5553.73","2023-04-10","Victoria  Rockell"
"Olga  Philipsson","5102015","4747.14","2022-09-03","Moises Quillan Stanworth"
"Nannette Mechelle Jenicek","2414107","1872.97","2022-11-28","Sullivan Gabe Buist"
"Danya  Fazakerley","8238849","5285.23","2023-02-22","Lissie  Stormont"
"Tome Owen Di Maggio","153818","1476.53","2022-06-14","Baily  Garner"
"Kittie  Van Arsdall","198317","3845.06","2023-05-21","Tiffy  Wathan"
"Lonee  Alessandretti","5487485","6792.24","2022-10-09","Ameline  Bendle"
"Rogers  De Freyne","9949589","6801.53","2022-08-21","Quinn Hilario Blaszkiewicz"
"Owen Leigh Allsepp","4868859","3144.99","2023-05-26","Odelle Tabina Allcoat"
"Neill  Rockliffe","3810014","6559.99","2023-04-07","Sephira Sabra Loyndon"
"Ruperta  Neale","791094","6445.6","2022-11-06","Karon Hyacintha Stonard"
"Wiley Ulrich Hankey","5668800","5775.35","2022-06-07","Hastie  Wanstall"
"Prentice  Paice","5486907","2156.01","2023-04-05","Weidar  Lewerenz"
"Fonsie Heindrick Coutthart","6180126","5346.87","2023-05-29","Lesli  Dallaway"
"Con  Bradberry","1725444","3941.7","2023-03-06","Manda Grace Genney"
"See Freedman Ladel","739036","1778.72","2023-01-06","Beverlie Abigale Johnke"
"Pascal Ferdie McCarney","8477711","3191.53","2022-11-22","Rossie Don Greenhouse"
"Ellery  Patient","141978","5562.58","2023-04-23","Derward Kent McKea"
"Lynnelle  Cansdill","5138683","6793.19","2023-01-26","Ethelbert  Thominga"
"Elia Bram Beavan","2408738","3398.23","2022-11-30","Berty Rutherford Pepall"
"Daven  Rushworth","3233145","1292.33","2022-12-13","Emory  Brailsford"
"Amargo Netty Augustin","5971141","6208.06","2023-02-26","Gillan  Baroche"
"Addi  Lismore","5069037","6589.32","2022-10-01","Red  Shawl"
"Rockwell Estevan Faraday","8070092","1068.59","2023-05-07","Errol Conway Gutherson"
"Sawyer  Le Houx","9880665","6868.62","2022-07-30","Tabbie  Buddle"
"Kelly Benedetto Suddick","1941934","3744.04","2022-06-30","Arabele Minnie Hexam"
"Radcliffe Anatole Pettigrew","9494987","1728.39","2022-07-12","Cosetta  Leah"
"Kerry  Inder","6837166","6511.52","2022-09-26","Retha Jennette Tomasini"
"Cristian  Yanuk","9938311","3717.23","2022-11-29","Christopher  Palke"
"Harvey  Cattle","2522029","2276.16","2022-10-26","Corey Keelby Argile"
"Eldredge Martino Heake","9463359","3466.66","2023-05-16","Violante Amil Pettinger"
"Dareen  Brodley","5861525","4933.62","2022-10-19","Georgianne  Smedmoor"
"Monti Ilaire Tremlett","1985123","5684.06","2023-05-16","Mile  Pinnington"
"Ame Aindrea Oblein","8488277","4642.4","2023-02-10","Merrick  Feeney"
"Dicky  Gerardot","927751","3092.86","2022-09-01","Ibbie  Wigglesworth"
"Galven  Yerrington","5209899","5906.54","2022-12-06","Rachel Valma Yearne"
"Marty Lezlie Duligall","1038458","1232.62","2022-11-18","Micah Bruno Robens"
"Thurstan  Trill","1154410","3927.75","2022-07-04","Lezley Hal Januszewicz"
"Olimpia Ailsun Carlisle","1834338","1616.25","2022-09-15","Igor  McClifferty"
"Lewes  Coal","1336524","694.59","2022-06-02","Winn  Paulitschke"
"Margarita Anjela Czadla","4079716","5232.1","2023-03-05","Shela Gertrud Mould"
"Dud  Stubbs","9456549","3523.97","2023-03-16","Melissa  Refford"
"Louisa  Royan","479720","4404.34","2022-09-23","Trudy  Langthorne"
"Aeriel Ericha Madders","6712650","3898.1","2022-11-07","Marlee  Whitta"
"Sumner  Jendrys","7733680","6789.45","2023-04-13","Ingram Briggs Kynder"
"Bil  Dealtry","3135968","4643.74","2022-12-02","Heinrick Man Ripper"
"Letty Selena Feldhorn","2903314","5776.17","2022-09-11","Horatius  Kibbye"
"Aleen Ethelind Anmore","5507980","5785.62","2022-11-02","Odell Malchy Domke"
"Romeo  Steer","6666485","5987.82","2022-12-22","Terry Tim Charrett"
"Tandie  Lambden","8315882","3472.65","2022-07-10","Udall  McMichael"
"Dimitri Salvidor Ladbrooke","1031279","6023.5","2022-10-08","Sissie Gabriella Sloy"
"Silvio Ozzie Gosselin","8951280","4420.76","2023-04-08","Claire  Kochs"
"Corinne  Edmed","5829669","895.99","2023-02-11","Dieter Brod Bussy"
"Vivianna Kanya Bangle","7142570","3666.29","2022-06-11","Skippie  Harman"
"Orelle  Denmead","1687695","6241.37","2022-08-23","Husein  Farlham"
"Lisabeth  Michin","3613229","3611.38","2022-10-01","Cordey  Kenewel"
"Annmarie Jenica Abden","4896181","2641.53","2023-05-12","Alia Teodora Abson"
"Cristobal Morley Fashion","655029","5497.76","2022-09-10","Rianon  Wheelton"
"Bran Abey Phayre","4108881","4564.05","2022-11-10","Jemima  Lared"
"Craggie Mace Blasdale","3406906","5210.92","2022-06-27","Gerda  Lambird"
"Idalina  Stenning","7246515","4434.72","2022-10-23","Stacy  Blaxeland"
"Barris Codie Pering","5073730","2490.3","2022-12-04","Saunders Pasquale Cottham"
"Leo Sig Hughill","6960344","5900.15","2022-10-13","Tybi Melisande Sinott"
"Frederico  Devon","8085029","5313.95","2023-01-06","Harwell Danny Izchaki"
"Paige  Passby","7607800","2425.46","2022-12-28","Maison Ellis Pidgeon"
"Loni  McCoughan","1602604","2177.76","2022-08-12","Cairistiona Pepita Ubanks"
"Greer Eadie Dring","7601419","2824.2","2022-10-16","Clari Isis Cordingley"
"Syman Timotheus Reddish","6422422","3470.75","2023-04-01","Matty Cornell Garmey"
"Arley  Gronous","770384","2211.99","2023-02-17","Tan Ansell Kirman"
"Luelle  Duffit","9839748","6182.2","2023-05-01","Abbie  Suggitt"
"Rosie  Berggren","5132250","1824.64","2022-12-16","Dawna  MacCaghan"
"Jess Foster Mulvy","3487955","2051.4","2022-10-20","Casey Shawn Rathbourne"
"Chrisse  Mansour","5123898","6379.77","2022-12-21","Marsiella  Ride"
"Eddie  Milley","2193173","1448.16","2023-04-04","Lothario  Orneles"
"Bellina Tana Ohm","2711025","4611.11","2022-11-10","Chrissie  Timpany"
"Balduin Hoebart Carlow","8463677","3841.87","2022-07-02","Ginelle Gavra Henmarsh"
"Humfrid Nate Glendza","6700268","3630.5","2023-03-23","Moselle  Aire"
"Nikita Calv Lodin","5713454","1570.34","2022-08-19","Kevan  Lannon"
"Brynn  Balducci","9807495","4927.21","2023-05-13","Lyn Maxim Brusle"
"Duky  Stoner","2036055","1104.49","2022-07-27","Gianni Matthieu Enion"
"Midge Aeriell Philips","7303187","2187.06","2022-06-20","Orv  Favelle"
"Ole Raimundo Vannikov","5890090","5758.43","2022-08-06","Andi  Kiloh"
"Evelina  Fosh","1847845","5243.77","2022-11-24","Delaney Dewain Colbertson"
"Pieter  Ruler","422471","5204.83","2022-08-26","Marge  Mailey"
"Thorpe Ashby Montez","1356274","3385.31","2023-03-22","Cal  Cherry"
"Andrei Tess Goulston","6687436","6976.02","2022-11-08","Ramsey  Dawidowicz"
"Vick Vern Laminman","6605108","1335.23","2023-05-26","Bird Clarinda Cawthery"
"Walsh Germain Demoge","9818471","6073.23","2022-12-18","Hugibert  Lowless"
"Kacie  Lowles","8496049","6339.59","2022-12-20","Violante Gnni Dangerfield"
"Alexandre  Cockshtt","9551371","6264.89","2022-06-09","Brett  Waplington"
"Rolando  Houselee","5686626","1407.04","2023-03-08","Imelda Angeline Akram"
"Fraze  Lowrie","5487693","896.27","2023-01-07","Sergent  Branchflower"
"Frannie  Muselli","8878728","6161.94","2023-01-24","Darb  Paulmann"
"Randell Payton Tomkins","7191351","2536.23","2022-05-30","Briano Joe Malkin"
"Nap  Highway","4226790","852.34","2022-08-31","Ilario  Lowrie"
"Giordano  Rodda","8471547","6143.35","2022-09-06","Maddy Ailis Tyres"
"Archy Lothaire Bodham","3032751","1285.54","2022-08-02","Nichole  Allans"
"Ivette  Franzman","4591580","4366.26","2022-07-04","Leigh Tanny Ardley"
"Karil Amandi Brewin","3957178","3917.8","2022-06-08","Merv Rowland Scragg"
"Donna Ortensia Gager","3089502","5307.16","2022-11-07","Devlen  Wallhead"
"Kelcy Eudora Matteotti","3946270","3836.19","2022-12-20","Hiram  Elles"
"Tremaine  Statersfield","499094","621.66","2022-07-12","Conn Filmore Benettelli"
"Ulrich  Torn","1480958","1225.3","2022-08-11","Sherlock Rafaellle Olivazzi"
"Cobbie  Tue","9443952","2019.15","2022-12-13","Hyacinth  Golden"
"Manfred  Hebblewhite","7929115","2001.81","2022-08-21","Pascale Roderich Sidlow"
"Tudor Gabriele Zorro","2028143","1415.72","2022-12-25","Allianora Bliss Vondrak"
"Andie  Dankersley","2546861","572.48","2022-06-15","Garnette  Collicott"
"Rycca Martica Geddis","928970","1246.27","2023-03-31","Herve Wayne Blenkinsopp"
"Rivkah Annissa Patient","4031130","1283.55","2022-12-14","Lulita  Hasely"
"Albrecht Orland Coton","9684435","899.76","2023-05-08","Anne  Izaac"
"Letizia  Duker","2140407","1428.41","2022-10-27","Addy  Dominec"
"Vida Trudi Hatry","4623697","2486.07","2023-02-16","Boyce Chaddy Iorizzi"
"Florian Guillermo Klemensiewicz","2014194","6199.94","2022-09-08","Jess D'arcy Brownscombe"
"Cecilio Nikolaus Mullinger","3988005","4008.68","2023-02-27","Judon Carroll Vischi"
"Gertie Winonah Andretti","2812731","1647.43","2023-03-06","Ofelia  Benza"
"Gary Gregorio McDonnell","776855","5819.08","2023-01-25","Noach  Abreheart"
"Townsend Ephraim Maybery","5505441","5580.66","2022-10-15","Fletch Virgilio O'Mullally"
"Gav Robbie Scutching","9126463","3365.61","2022-08-01","Darbie  Frenchum"
"Husein  Trewartha","8317449","2992.77","2022-07-10","Venita Dosi McCawley"
"Benoit Peyton Hightown","3257148","6664.09","2022-09-18","Collette Joane Straine"
"Clayborn  Fransemai","9367573","2120.08","2022-06-29","Brenda  Evangelinos"
"Aguie  Bearward","9459313","4108.65","2022-06-23","Jules  Dongate"
"Dru  Aldin","7193173","4876.91","2022-09-14","Brendis Adamo Poskitt"
"Patsy  Groveham","4022819","6266.99","2023-04-03","Remy  Krier"
"Emylee Cynde Crilly","2699175","5685.2","2022-07-25","Neysa Caitlin Terbrugge"
"Caldwell  Dollimore","7928852","4249.46","2022-12-03","Darsey Mitzi Lyne"
"Samuele Gaven Peer","4678130","2472.14","2022-11-06","Rafi Frankie Kippling"
"Avram Sidnee McCormick","6029555","5880.14","2022-06-23","Alfy Jakob Simonazzi"
"Demott Kristo Daniellot","5399109","4521.02","2022-09-18","Levi Jerome Helliwell"
"Daron Anselm Schoroder","7230621","671.08","2023-01-15","Laurie  Jepp"
"Sonnnie  Petruk","8454157","3333.51","2023-03-14","Zeb  Purvis"
"Sergei  Ainsley","3179301","693.19","2022-10-19","Laurianne  Brouncker"
"Wolfie  Fortescue","5689847","3095.62","2023-01-23","Caryl  Harmant"
"Allina  Mingus","2442613","2659.88","2022-11-04","Thaddus  Allworthy"
"Theresa Emilee Bisp","4389013","2159.81","2022-12-20","Pammy  Scotchbourouge"
"Alanson Hunfredo Scorrer","1865410","6931.82","2023-02-18","Harvey Gustavo Redan"
"Micheal  Clara","4402179","1949.29","2022-06-15","Beret Jennine Lente"
"Camala  Parmeter","1120959","1867.18","2023-01-08","Griff  Kauscher"
"Bettina  Goodale","8170788","6217.3","2022-10-11","Derrek  McKaile"
"Dniren Becky Ney","9316710","5470.83","2023-02-02","Hilario  Oakton"
"Gherardo  Brunn","3901110","557.95","2022-09-20","Catherin  Laneham"
"Arri  McMillan","1588011","1694.78","2022-07-01","Dionysus  Victor"
"Lydia Meredith Coney","2520636","2225.69","2023-05-28","Gerhard  Wickliffe"
"Ximenez  Leete","7477712","6024.48","2022-08-18","Paulie Alisha Klosa"
"Candi Marika Ellaman","8421154","3697.69","2023-05-26","Emera Addi Ladley"
"Parry Erroll Korting","8874663","4082.3","2022-08-22","Giulio  Balasin"
"Karole  Goslin","5211971","6197.64","2022-11-22","Phineas  Gregoraci"
"Raynor  De Mattia","5606965","2644.27","2023-05-14","Matt  Dybald"
"Cooper Krishnah MacFall","4430283","4348.52","2023-03-27","Esteban  Dofty"
"Peg  Riste","7382199","6720.02","2023-04-30","Lynnet Loree Top"
"Jarrid Grannie Dever","5930841","3294.2","2022-07-17","Humphrey Desmund Clilverd"
"Fifi Liza Kieran","6143887","6258.88","2023-04-28","Tome Tyrone Roget"
"Astrix  Lindelof","3521993","4992.78","2022-06-21","Ailene Sadie Height"
"Rosemary  Olivella","1675182","3830.28","2022-10-12","Christoper Bobby Blanque"
"Bonita Sheila-kathryn Catenot","5255846","859.98","2022-08-14","Ricky  Sweetenham"
"Mallorie  Splevings","4853403","4554.95","2022-09-04","Clarinda  Pawling"
"Corrie  Toping","2812644","2158.43","2023-03-02","Ebenezer  Gethin"
"Aloise Jerrylee Norssister","4633659","6791.67","2023-05-18","Olly  Hunting"
"Skelly  MacMaster","5342039","5259.28","2023-04-04","Samaria Darlleen Sambedge"
"Cassondra Elle Pietroni","8650344","3603.38","2023-02-19","Jayme  Kinneally"
"Elnore  Vango","6352223","3709.33","2022-12-03","Gal  MacKeig"
"Ruben  Herrema","9834439","2688.39","2022-08-08","Gannon Mead Buffy"
"Den Corbin Meni","1866740","4425.8","2022-12-31","Claudie Yetta Macbane"
"Scott Ky Alsobrook","9783806","4185.43","2022-11-09","Sari Samara Thunders"
"Jock Daniel Lear","7084379","2292.32","2022-08-02","Pam Ara Emblin"
"Zia  Wrench","1333797","6141.57","2023-01-30","Dewey  Aslam"
"Barbee  Martinovic","9926586","4028.41","2023-01-01","Malinde Elinore Mossop"
"Crichton Hermann Cargon","4447500","6059.1","2023-02-07","Carr Kerby Archell"
"Aldon Barnabe Treleaven","4780563","1159.49","2022-08-30","Anya Daffi Eliot"
"Shep  Oxby","8878924","4351.21","2023-01-27","Marquita  Mullins"
"Maurine Leanora Unworth","6644357","3496.64","2022-06-23","Cleon  Cunnington"
"Mab  Woolley","3045472","4840.72","2022-09-27","Yetty Talyah Yurchenko"
"Lucho  Sired","5412707","883.1","2022-09-12","Nicolai Bernie Bernasek"
"Sebastien  Mellsop","230278","4935.0","2023-02-23","Natividad Aryn Liquorish"
"Athene  Goodacre","397301","1791.24","2022-12-14","Pepillo  Staddart"
"Chelsea Aloysia Inglish","2184619","4420.65","2023-04-06","Allissa  Kolodziejski"
"Sibylle Pamela Wenman","8475733","3846.34","2022-11-05","Loree Guillema Otson"
"Gaspard Van Kelway","5776681","989.05","2022-10-12","Corenda  Renackowna"
"Dorelle Noel Frayne","4897110","681.92","2023-04-20","Velvet Dacy Edgeon"
"Meara Sophi Axe","6826244","965.29","2023-05-25","Jaimie  Pegg"
"Alina Jennie Callcott","8014664","1424.49","2023-01-20","Curtis Arlan Fallawe"
"Omar  Kayzer","8737345","3212.49","2022-06-02","Lacee  Rivalland"
"Edgardo Maurie Hallbord","163212","6109.57","2023-05-04","Bud Tab Sibbet"
"Christopher  Gligorijevic","8320809","2818.71","2022-12-12","Ewart Claire Smithen"
"Scarlet  Ruslen","1277989","5889.86","2022-10-02","Gifford Blayne Durtnal"
"Powell  Cuxon","1589274","5853.87","2022-05-31","Mic Riordan Flett"
"Klaus  Sharpe","1224085","5197.54","2023-05-18","Augustin  Stolze"
"Carey  Beville","777429","1851.92","2022-07-20","Artur  Phillip"
"Emery Arvy Blazynski","7502970","2597.93","2023-03-02","Gay Pavlov Kyle"
"Carita Indira Widdowson","5136309","2757.22","2022-09-17","Andre Pasquale Dorin"
"Nari Katrine Baynon","7517644","6939.25","2023-01-31","Michaeline  Henrichsen"
"Beilul Daniella Woolfenden","7938935","1850.68","2022-05-31","Katey  Brion"
"Nicolina Marybeth Mallett","7767948","2634.79","2022-07-24","Stacee Earle Ravens"
"Lainey Sabra Legier","5657375","5372.07","2023-04-14","Tonye  Sieghard"
"Tamiko Isa Ankers","2557253","810.97","2023-05-07","Elmo  Saphir"
"Jobie  Cockarill","159559","6077.36","2023-04-19","Lexie Carol Bradshaw"
"Allayne  Niset","8620599","1509.67","2022-07-23","Benedict Maury Atley"
"Lavena Florella Flahy","7062092","5065.84","2022-08-30","Winna  Rishworth"
"Perle  Pettigree","9711300","6703.71","2023-04-30","Johann Aleksandr Dymond"
"Dell  Trulock","5037145","4407.35","2022-06-25","Tessie  Thomasset"
"Donnamarie  Rittelmeyer","7044117","1436.61","2022-08-22","Deb Lindy Haughan"
"Judah Morton Marcham","8698676","1451.82","2022-09-27","Gipsy Krystyna Chinge"
"Ludovico  McCowen","929497","5244.81","2023-03-15","Liana  Cockerham"
"Sterling Ben Burkart","9498284","4983.64","2023-03-13","Vaclav  Geharke"
"Daune Lorne Dyton","7128188","5625.27","2022-08-28","Ronald  Daouse"
"Cozmo  Gray","9903417","3435.57","2023-04-09","Courtenay Olympia Siemianowicz"
"Englebert  Gindghill","2890137","5177.99","2023-03-22","Chere  Dillingstone"
"Nanice  Gollin","5185655","3698.72","2023-04-21","Agustin  Nortunen"
"Erskine Regan Ganders","1555870","1781.76","2022-09-10","Nicola  Gave"
"Deedee Kessiah Grelka","8846037","1589.05","2022-11-22","Jess Dani Kissock"
"Nathanael Yves Niven","5214333","1860.7","2022-12-23","Loni  Butters"
"Myles Hart Oxterby","1833414","5863.65","2022-06-02","Hannie Sydelle Wermerling"
"Leigh Alec Colerick","7171271","3243.7","2023-04-25","Russ Killie Abraham"
"Eleen  Naton","8571509","6826.87","2022-09-03","Morgen  Wormald"
"Rosco  Truscott","6248813","4880.58","2022-10-06","Virginia Amalie Bovaird"
"Muire  Sheather","9433697","2539.31","2022-10-16","Ralina  Leivers"
"Jordain Daria Melvin","5857307","4090.81","2022-09-06","Leonid Erv Martynikhin"
"Stephi Chrissie Lornsen","493304","1600.23","2022-09-26","Tremain Roma Chaloner"
"Donetta Crysta Cutchey","1327384","2819.94","2023-01-09","Zane  Bamling"
"Nikoletta  Midden","3433987","4099.28","2022-06-16","Muire  Feitosa"
"Kimbell Emmanuel de Leon","1230452","2386.37","2022-07-21","Malorie  Shinfield"
"Mile  Jevon","7361388","3409.86","2023-04-02","Lulu  Bartoszek"
"Gabriela Minetta Minucci","7545673","1136.44","2022-08-23","Constantine  Bunce"
"Brody Ralph Schutt","2491448","4514.55","2023-04-10","Millard  Duckett"
"Chris Garvin MacGiffin","1566804","6866.98","2022-09-22","Stavro  Echlin"
"Mirilla Wren Roony","5381449","1416.6","2023-03-15","Lorry Bea Chatfield"
"Link Alec Weymont","9407667","2187.46","2022-09-20","Opalina  Brackpool"
"Ermina Emalee Anand","7700835","2663.44","2022-09-09","Maggi  Filimore"
"Syman Armand Crady","7740995","6989.88","2022-06-06","Christophorus Wynn Gorwood"
"Leigh  Manginot","2102033","6965.88","2023-03-11","Llewellyn Godwin Kahn"
"Zed Colver Barden","632282","5097.61","2022-09-08","Hali  De Robertis"
"Bernete Sybilla Risley","114998","2061.77","2022-06-26","Killian  Rickett"
"Jessika Blakeley Begin","5762378","1340.45","2022-08-11","Carline  Duthie"
"Gaultiero Enos Whitwam","634358","3193.3","2023-05-21","Wayland Otis Jedraszek"
"Hilliard Montague Organer","556133","5742.48","2023-04-16","Berkie Frasier Waleworke"
"Graeme  Tidder","4825119","4239.09","2022-10-02","Hugues Thacher Ygou"
"Leanor Korella Gantley","7403613","909.01","2022-07-02","Cord Mikey Plowman"
"Dill  Karlowicz","5566566","4545.99","2023-04-30","Justin Clive Greensides"
"Kinnie Ragnar Elen","5961541","3401.96","2022-10-26","Shep  Longcaster"
"Augie  Bright","8818511","2717.74","2023-02-17","Bennie  Maxfield"
"Edd Wilbur Giorgi","3024633","6201.84","2023-03-15","Dillie Faber Earsman"
"Eadmund  Stebbin","39645","6407.03","2022-07-15","Everard  Deering"
"Hynda Nana Domnin","7444064","2914.44","2023-03-31","Maible Mathilda Tilburn"
"Fidole  Torrans","7180918","1906.81","2022-09-24","Ralph Erhart Filippo"
"Eulalie  Koschke","209138","6441.4","2023-01-03","Danna Charlotte Shutler"
"Findley Marvin Nobriga","7212813","6871.82","2022-08-10","Sigismundo  Lubman"
"Darnell  Hovenden","7975358","5083.55","2023-03-19","Norri Charis Onslow"
"Mikel Shalom Kingh","3850322","1354.83","2022-06-20","Nelie  Stangoe"
"Budd Elmore Flawith","1910601","4565.91","2023-04-16","Karia Olva Fownes"
"Moishe Conrad Baldrey","8535433","2301.53","2023-01-14","Claudine Jaine Casotti"
"Kennith Ailbert Hunstone","5388964","5371.15","2022-10-28","Zebulon Claus McMeekan"
"Matthieu  Presnall","9041029","5174.95","2023-01-02","Gaynor Angelita Gostage"
"Evyn  Coggles","8227479","2919.27","2023-01-30","Ellery  Andrichak"
"Junina Lucie Kestin","8647022","6662.94","2022-06-29","Nessi  McNutt"
"Goddard  Wennington","7625285","5053.9","2023-02-25","Daryle  Sehorsch"
"Ronica  Meineking","5890346","6722.86","2023-02-22","Annora Allx Boij"
"Claudia Katuscha Sennett","8223223","1514.5","2022-07-28","Jerrylee Letty Stronach"
"Maren  Gynn","3812600","3589.05","2022-06-17","Valentino Anatollo Westphal"
"Monica  Lermouth","7646084","2547.8","2023-03-13","Joscelin  Golthorpp"
"Chaim  Polak","146705","6340.54","2022-11-12","Adelind  McNabb"
"Georgia Birgitta Lintott","6177649","2809.63","2022-11-13","Farlie  Boast"
"Olin  Cartmel","5521724","1033.43","2023-05-24","Adria Savina Measures"
"Peg  Twelves","5192170","6076.03","2022-06-27","Ange Rhody Gerg"
"Richart  Stickles","173850","3104.52","2023-01-25","Ruthanne Jo Leamon"
"Sadella  Delmonti","3906974","6711.78","2022-12-17","Marika Kalina Mallindine"
"Elmer Nikki McCaughen","445860","4971.86","2023-05-16","Pedro Lemmie Senten"
"Artemas Barny Lubeck","5013900","6432.57","2023-01-03","Jarad  Wendover"
"Edmon  Rother","5839989","4598.0","2022-06-04","Kylie  Neath"
"Vere  Wones","3354415","4140.82","2023-05-15","Maxie  Garmons"
"Nollie Consolata Ferrieri","2277706","1397.43","2023-04-23","Fredia  Wiltshear"
"Nataline  Portal","893755","6893.51","2022-07-29","Sol Vernor Roulston"
"Claudio Dur Ratray","2506814","4692.96","2022-08-14","Valentine Lucretia O'Cannavan"
"Kaiser  Pickthall","8238068","3815.74","2023-04-03","Eadmund Duane Hartigan"
"Venus Evonne Ledson","9802838","3607.93","2022-07-11","Edgardo Rickard Luter"
"Pierrette Aurelia Bonallack","4720732","4881.44","2023-04-30","Vere Coreen Rego"
"Reena  Whitcher","1457465","5078.31","2023-04-06","Laryssa Constancia Brouwer"
"Brooke Balduin MacDowall","4008418","5841.26","2022-10-23","Dyanne  Tolwood"
"Dillie Gaylord Colrein","6113978","5300.73","2022-10-30","L;urette  Canny"
"Court Andie Cocks","323040","2393.58","2023-04-12","Reeva  Hollidge"
"Roanna  Lowy","4503681","6697.57","2022-10-21","Jedd  Quadling"
"Lesli Velma Ivashkin","3567273","1363.51","2023-01-23","Rosita Beitris Grollmann"
"Edgar  Parkman","6600684","4301.24","2022-06-01","Jerald Morly Pinnion"
"Mallorie Britni Cucinotta","9908727","6462.57","2023-04-18","Rainer  Juarez"
"Ashby Rorke Sherwin","8139664","4027.77","2023-02-08","Sapphire Andromache Cristofanini"
"Tedmund Gris Befroy","9482116","649.36","2022-07-14","Thain  Legan"
"Yale  Valentim","2465833","2201.04","2023-01-07","Beverlie Anett Coneau"
"Merna  Rennicks","6855178","2023.41","2022-06-13","Land  Pfiffer"
"Kennan  Oliphand","6916080","4799.72","2023-04-12","Allan  Yuryshev"
"Cesaro Regen Gemelli","9551771","3449.79","2023-05-24","Gareth  Peacocke"
"Corbie  Scaife","2563747","3735.29","2022-10-17","Gan Lennard Padbury"
"Jana  Lordon","6304611","4430.44","2022-08-05","Fanchette  Pittson"
"Elvis  Hansell","4261437","3802.8","2022-12-19","Didi Meara Cush"
"Torin  Bartolomivis","6418703","5204.47","2022-11-28","Bambie Aidan Van Arsdalen"
"Lizabeth  Kenington","4516301","6984.72","2023-01-27","Barr  Hayley"
"Winne Amandi Cerro","1090391","6068.48","2022-08-19","Cathryn  Instock"
"Odessa Melisent Campkin","8894822","5731.2","2022-09-26","Sanford  Lyons"
"Conan  Gerren","3822807","4088.22","2022-11-07","Aylmar  Mouatt"
"Jada Danell Endricci","2100567","5689.13","2022-11-02","Essie Cynthy Wedderburn"
"Kris  McMearty","9649838","1625.98","2022-12-12","Claudian Tristan Matzl"
"Cybil Kimberley Habgood","1036341","4601.0","2022-11-21","Mayer  Josey"
"Josephine  Seawell","5163159","1465.0","2023-03-03","Stephannie  Woodcroft"
"Yelena Cody Cruwys","1087167","611.03","2023-02-08","Debera Ivette Pumphreys"
"Alaster  Howsley","7360101","6258.78","2023-01-24","Thomasin  Signorelli"
"Patrizius Leland McLernon","6344370","1776.65","2022-06-20","Ezechiel  Banasik"
"Kariotta Morissa Longmate","7171917","6405.03","2023-04-08","Dalila Fidela O'Riordan"
"Janos  Keeves","1698127","3303.33","2022-12-03","Kynthia  Fawcus"
"Terri  Eisak","6337227","3421.61","2022-07-07","Orelle Sapphira Mundie"
"Kelbee  Gianasi","9419169","6644.13","2022-10-16","Carolin  Kernley"
"Thurston  Eyree","6392236","864.15","2022-06-29","Kellia  Eccleston"
"Marietta Joya Girardin","2743416","4026.84","2022-10-27","Lorain  Lampard"
"Kandace Siana Aizlewood","1509659","4496.12","2022-09-03","Rennie  Almack"
"Leoline Vitoria Edmondson","8135660","5685.04","2022-10-18","Rab  Frany"
"Brook Myer Huke","7969265","4443.38","2022-12-25","Tessy  McPhaden"
"Binky  Wedon","6060195","5458.74","2022-10-26","Guthrie  Tewkesberry"
"Ashlin Nolly Brumble","9318726","6307.04","2022-06-20","Udale Felix Pascall"
"Jasun  Barrus","4562919","4974.87","2022-06-22","Inna Ingaberg Lidierth"
"Carine Berty Merrisson","7569167","502.26","2023-05-22","Alair Ali Cruwys"
"Karilynn Evonne Bucham","8547379","989.27","2023-01-09","Llywellyn Carlin Persent"
"Lebbie  Crosse","5166945","660.01","2022-12-02","Ellette Malanie Yarnold"
"Art  Noor","9197521","5213.41","2022-07-14","Adan Durward Bratty"
"Audie Frank Moody","4447633","6855.94","2022-11-24","Eduino Bronny Fulun"
"Roseann Aurea Ismay","971379","1903.29","2022-08-22","Filberto  Spykings"
"Al Oberon Oiller","3047150","3792.49","2023-01-14","Filia Clarice Deighan"
"Clemmy  Scartifield","2402862","1160.39","2023-02-11","Flem Stevy Sleet"
"Mirelle Sabina Simonini","1375548","6996.42","2022-06-18","Sutherlan  Beckworth"
"Micah  Heliar","77355","2634.49","2023-01-28","Harper  Scatcher"
"Lucian  Pillman","6738338","5349.9","2023-04-11","Calhoun Edmund Gaynes"
"Chick  Labrenz","5722052","1415.57","2022-12-22","Josey  Mongain"
"Chandler Mayor Larkby","8744460","2648.76","2022-12-26","Lewiss Zachariah Le Sieur"
"Mel Kacy Milligan","1163998","867.12","2022-10-05","Rosalinde Zonda Gravestone"
"Amalita Daniele Talbot","4846751","2556.5","2023-04-03","Delores Lanita Ruse"
"Kenny  Sloley","7713573","6448.04","2023-01-14","Damien Russ Prisk"
"Sianna  Macconachy","6933782","1293.67","2022-12-31","Whitney Terrye Rubinsohn"
"Patrick  Haynesford","5745213","3836.1","2022-07-29","Rossy  Beddin"
"Humfried  Sperski","1817489","3995.97","2022-10-15","Justinn  Foale"
"Shalom  Hackforth","9095841","5861.9","2022-09-13","Josefa Filippa Gelland"
"Lolita  Garrioch","4056178","6883.25","2022-10-17","Sharlene  Tolossi"
"Carmella  Thundercliffe","7407006","1890.18","2022-09-02","Abdul  Klass"
"Alwin Julie Swadlinge","1070761","2065.83","2023-01-07","Electra Wylma Bryde"
"Hayley Enriqueta Sconce","8323468","5303.12","2022-12-12","Nertie  Reardon"
"Alric  Flohard","9930163","6087.55","2022-07-08","Nester Oliver Leamon"
"Appolonia  Burtonshaw","2490730","6604.68","2023-01-16","Adelaide  Faas"
"Violetta Eliza Smeeth","5080486","3901.3","2023-01-05","Roderic  Ritelli"
"Cher  Cluelow","121830","1328.35","2022-08-12","Austen Gustav Sinnat"
"Horatio  Padgham","78541","3077.02","2022-11-17","Travers Xever Hulburd"
"Rudd Whitman Dozdill","640891","552.47","2022-12-02","Wilie  Dollard"
"Ramon Hodge Bearman","2940270","6868.9","2022-09-03","Brade  Fontelles"
"Clarisse Marcille Pretswell","3346602","1979.46","2023-04-11","Alia  Cuseick"
"Jessey  Oakton","8033957","1269.01","2022-08-19","Harriot  Lermouth"
"Larry  Conquest","1553370","802.72","2023-03-02","Amelita Daryl Hakeworth"
"Viki Kate Badwick","8939278","6755.12","2022-12-23","Aldric Rupert Pays"
"Barnebas  Pryer","8085480","762.83","2023-05-18","Janie Benni Alejandre"
"Thoma Cleveland Quan","9560923","2530.42","2023-05-13","Albina  Brettell"
"Sherlocke Kenton Kirlin","8079159","5257.36","2023-04-04","Rene  Kermott"
"Enrichetta Debra Peetermann","6765151","3360.48","2023-05-17","Sylas Dex Cabrara"
"Leupold Dame Lecointe","3274172","1490.96","2023-04-06","Verney Rudolph Howel"
"Stillmann  Vyse","1203316","2394.16","2023-02-13","Cindie Livvie Geldard"
"Pablo  De Cruze","4305974","6870.01","2022-11-01","Ingrim  Lacy"
"Eldridge Yancy Eyckelberg","1592993","4187.86","2023-01-04","Rubi Shandra O'Longain"
"Beltran  Scattergood","9224786","3230.29","2023-04-21","Wilow Ree Joberne"
"Bennie  Fidelus","8922654","4238.74","2022-06-01","Kevin  Mazey"
"Darcee Roseann Jonsson","7701100","3564.66","2023-02-25","Raul  Duncan"
"Basia  Callis","2884465","3733.79","2022-08-12","Bellina Fiona Ramsier"
"Hamish Haily Pinson","551415","5344.46","2023-05-13","Rockwell Reese Vitet"
"Creighton  Keets","7257379","5763.0","2022-07-22","Donn  Hollidge"
"Raymond Nestor Sorro","3655857","6251.16","2022-06-29","Edeline Morganica Hayler"
"Herc  Portail","2495541","834.49","2022-06-03","Slade Cedric Sircombe"
"Mavis Doralyn Lorain","1940596","5627.55","2022-12-22","Dorry Brigitte Bengoechea"
"Antone Myrwyn Rivers","1843235","5541.89","2022-11-11","Carmella Franni Walsom"
"Delainey Silvain Lemmon","9923498","5380.11","2023-04-16","Ossie Lion De Pero"
"Mareah Tybie Lockie","112890","6028.95","2023-02-06","Dayna Elvira Bougourd"
"Batholomew  Banfield","803905","2575.05","2022-06-03","Rouvin Hurlee Denis"
"Fonsie Dalis Vernau","708364","1255.54","2022-06-27","Alyosha  Dumbare"
"Auberon  Foltin","7145724","2920.22","2023-02-01","Maynord  Hargrove"
"Sidonnie Gwennie Timbrell","5927347","1159.62","2022-07-05","Fairlie Richmound Iskowitz"
"Rikki Stanton Kobierzycki","9107701","5775.27","2022-11-07","Pearla  O'Hogertie"
"Hyman  Lubeck","5154004","2466.18","2022-08-22","Stephie Bertine Latchford"
"Yorgo Antin Milley","6484495","6722.04","2022-10-22","Barthel Caryl Giovannazzi"
"Laurianne Ida Lambertz","9694435","2283.42","2023-03-11","Hort  Lindup"
"Janaya  Aloway","2750413","5043.82","2022-08-24","Sim Garreth Citrine"
"Shaine  De Carlo","3640202","4524.61","2023-05-29","Janet  Popplestone"
"Tades Todd Fouldes","8285026","6380.94","2023-03-14","Noah Dorian Bibb"
"Rosemary Martha Rostern","7664817","797.5","2022-08-02","Lark  Gulley"
"Lyndsay  Cheng","8229903","3569.15","2022-07-26","Natale Garrard Kristoffersson"
"Karyl  Pendergrast","7145820","2976.03","2022-10-10","Cassondra  Vandenhoff"
"Angil Alanah Dobbinson","2038738","1781.89","2022-08-23","Eduard Mannie Nary"
"Gerri Amara Malden","834980","3223.66","2022-12-18","Faunie Rhianon Stubbes"
"Rea  Dootson","3854006","6664.17","2022-09-29","Dugald  Feldhuhn"
"Loy Cully Pennone","8804597","3576.11","2023-04-17","Elset Adria Rulf"
"Stearne  Kempster","4410222","3268.05","2022-09-25","Twila Hazel Payze"
"Pavla Thea Renahan","3010033","3316.54","2022-06-14","Fiona  Pietrzyk"
"Evangelina  Asmus","3408074","4213.68","2023-01-24","Teodora  Ricarde"
"Hildegarde  Halladay","5748774","862.59","2023-04-21","Binny Delly Mercer"
"Carmelita Catha Pickance","7615689","6843.36","2022-10-10","Tremain Jarred Gurr"
"Garv  Mullis","9450326","1248.3","2022-07-15","Charlotta  Pachmann"
"Christabella Mareah Kohring","6652851","5586.84","2023-05-17","Cliff  Freathy"
"Gloriane Nissie Casoni","7185771","4108.29","2023-02-27","Evin  Berrygun"
"Jeremias Thatcher Briton","2293974","4193.5","2022-07-30","Giulio Bale Oulner"
"Jared Dunn Barday","949552","5412.74","2022-12-02","Nicol  Attenburrow"
"Jessika Dasha Honniebal","5973611","6244.36","2022-07-08","Alec  Kuhnt"
"Codi  Dudding","7627576","2314.17","2022-10-22","Reggi Jeannette Valentinetti"
"Yorgo  Bagenal","7855855","6237.52","2022-05-30","Gerri Norton Rumble"
"Nero Westbrooke Dransfield","5874013","3994.03","2022-11-16","Felice  Flaherty"
"Peg  Semour","1570566","2939.76","2022-09-16","Olag  Dureden"
"Raf Kati Greenshiels","9242869","3389.18","2022-11-28","Maury Chaunce Dreelan"
"Katti Anselma Allmark","6303182","1654.95","2022-09-30","Lelah  Olliver"
"Garrek Hallsy Chadwen","5033558","4216.67","2022-07-19","Dario  Lorkins"
"Shanta Loutitia Romanetti","5640258","6235.37","2022-09-10","Barnie  McDoual"
"Ramona Eimile Ramstead","189789","2777.92","2023-05-07","Templeton Andonis Benson"
"Brunhilda Juditha Ricciardelli","8753027","1855.04","2023-02-10","Sophie Hattie Fielder"
"Thia Maryjane Khomishin","8867996","2663.59","2023-02-11","Adey  Okie"
"Hans  Blumfield","7597043","3528.44","2022-06-08","Dillon Adair Bloan"
"Herculie Lorry Jellett","2813043","4914.37","2023-01-16","Moses  Varey"
"Laurel Marylin Ritzman","1229397","1834.29","2022-10-22","Caye Stefania Bleakman"
"Berry  Tully","9061179","6790.15","2023-01-03","Northrop  MacDearmaid"
"Kinny  Dumbare","5895739","1012.43","2023-04-04","Rubia  O'Donovan"
"Paulo Randall Aldrick","2007128","6124.71","2023-02-12","Fayette  Warboy"
"Balduin  Farnworth","4321623","6116.94","2023-04-16","Khalil Brockie Habbeshaw"
"Melody Ginger Charlick","5512420","1112.88","2022-08-15","Cordell  Tawn"
"Kristyn Guinevere Levine","6503928","3503.02","2022-05-31","Kellina Kissie Callinan"
"Wynn Kimbell Blow","1637977","599.49","2023-01-31","Willow  Braidwood"
"Duffie Wilek Forge","4847708","3399.46","2023-02-27","Trudi Lainey Yabsley"
"Vikky  Mityakov","2495515","3894.77","2023-03-07","Harwilll  Hartman"
"Alic Hermy Wickerson","8014295","6373.63","2023-05-27","Misti  Gronowe"
"Hank Northrup Beall","4757271","4911.71","2022-07-02","Johnny Giff Waddilow"
"Ernestine  Giddins","2471835","1261.07","2022-11-26","Bette Halimeda Madgett"
"Alisa  Jambrozek","7933948","2276.8","2023-02-22","Araldo Buddie Wisniewski"
"Lexy  Drewett","9110722","6873.58","2023-04-10","Wye Chester Stidworthy"
"Kania  Crufts","9142267","1131.26","2022-10-02","Stavro  McInally"
"Dudley Franz Waylen","9883889","809.29","2023-03-17","Fleming Maison Donaho"
"Erin  Scorthorne","4980670","1133.99","2022-06-26","Chickie  Busher"
"Netty Brynne Dagless","1456986","2214.02","2022-08-31","Candra  Meldon"
"Otis  Yarnell","6101824","6713.66","2023-05-10","Davina  Grafhom"
"Vasilis Mattheus Sawart","4143183","5720.08","2022-05-30","Terrence  Slateford"
"Rice Findley Challenger","1751878","877.59","2022-11-23","Halie  Morrallee"
"Judon Jarret Gatiss","5011376","6222.35","2023-02-13","Sebastian Menard Poore"
"Lise  Vannuchi","5802468","2011.69","2023-04-14","Brandais  Edser"
"Sheff  Mara","578634","1365.85","2023-03-09","Row Gretel Groll"
"Georgeta Tarra Perche","5215144","2130.86","2022-08-02","Jaime Pren Jeenes"
"Dorothea Katherine Hunton","8099969","936.2","2022-08-28","Susannah  Grishaev"
"Bartel Padraic Manjin","4786162","1988.23","2022-10-09","Ringo Upton Denyakin"
"Allen  Simacek","8587961","5286.89","2022-07-21","Maxi Wilow Mabb"
"Lucinda  Frodsam","3413961","4683.56","2022-06-28","Kliment Town Peele"
"Maggee Leoline Dugood","2681500","3330.48","2022-09-13","Jacklin Dorthea McCutheon"
"Trefor Odey Ockendon","1800205","4154.78","2023-05-25","Krystal Agna Gudeman"
"Micky  Box","4422036","5973.11","2022-12-21","Mick  Tullett"
"Weylin  Satterley","9938046","3362.74","2023-02-14","Joete Kristine Kirrage"
"Joel Paolo Manginot","9250653","2796.98","2022-06-14","Bengt Maje Demonge"
"Allyn Halie Calderon","4923822","1429.82","2023-02-26","Mira Daryn Shea"
"Redd  Bourthoumieux","9138239","3520.55","2023-02-10","Scottie  Widdowson"
"Terri  Mahood","6760212","6709.17","2023-01-30","Isabelle Mabel Scobbie"
"Moishe  Maden","4138848","1801.12","2022-07-06","Sherwin Doug Oaten"
"Lorne Ottilie Popeley","9196239","3754.51","2022-08-08","Justino Walther Cawston"
"York  Cuttings","262325","510.65","2022-06-05","Lisa Tersina Dalmon"
"Kettie  Wilcinskis","4717054","5857.42","2022-12-29","Elita  Callum"
"Henriette Agneta Aps","8387490","6225.19","2023-01-03","Silvio Rodolfo Maciejewski"
"Starla  Hunton","3164140","4887.16","2022-09-18","Winny Pierrette Bloys"
"Albina  Brenard","2451010","5302.9","2023-03-17","Currie Manfred Trahear"
"Madelon  Pitcher","8800132","2756.68","2023-03-25","Alejandra  Schnitter"
"Josephina  McCloy","4464585","1404.36","2022-12-03","Pembroke  D'Antoni"
"Normie  Bullman","5474614","2142.48","2023-02-21","Rowland  Salan"
"Elenore  Calverd","5014453","2467.86","2022-11-12","Yelena  Blowfelde"
"Tessi  Whyffen","3019107","6032.14","2023-02-15","Darren Griffie Sawell"
"Flory  Lishmund","5267566","5052.89","2023-03-24","Elly  Buffery"
"Hale Vincenty Morewood","5304836","6148.37","2022-07-12","Terrel  Magarrell"
"Ruben  Toten","1430855","5516.81","2023-01-11","Sharyl Mallissa Matevosian"
"Fayina Natividad Owttrim","9990607","4791.28","2023-03-21","Garv Eben Cardiff"
"Elspeth Lilla Whitley","5369809","1436.71","2023-03-07","Giffy  McPeck"
"Evelyn Leelah Zecchi","3416797","1861.03","2023-01-18","Lurleen  Toffano"
"Turner  Claire","811826","4758.88","2022-12-02","Essa  Bollen"
"Jacquette  Godar","4871867","883.41","2023-03-05","Blake  Pudsall"
"Wash Trevar Brim","3406414","5741.15","2022-11-24","Latisha  Shurrocks"
"Madel Roanne Eccleston","8600873","5496.1","2023-02-07","Michale Farly Feldman"
"Rosemary  Malby","8303557","3787.56","2023-01-18","Benito  Lamlin"
"Elmer Nevins Larkings","7617956","5764.27","2022-09-22","Conny Marlin Fancet"
"Parry Lisle Sturrock","4563536","2413.99","2022-06-11","Cassie  Squibb"
"Dido  Castellino","5184037","2277.43","2023-04-12","Gabriell Blakeley Tripe"
"Den  Newell","8448439","4633.89","2023-05-21","Karl Giusto Uman"
"Larisa  Freemantle","3474109","3678.84","2023-04-20","Theodoric  Reubbens"
"Mortimer  Warder","9095268","2250.7","2023-02-05","Kit  Balling"
"Hannis  Nolda","6261898","1409.39","2023-01-01","Ekaterina  Galfour"
"Luisa  Pagel","8293633","3608.1","2022-07-28","Ronna  Kreuzer"
"Micky  Stennard","6835455","1139.21","2022-08-15","Birdie Malvina Le Breton"
"Durant Coop Kernan","8452665","6443.91","2022-10-23","Renado  Blacktin"
"Liza  Cussen","2200586","1046.41","2022-06-14","Ashlen Rora Hawe"
"Maryjane Rhodia Beaton","2179204","811.98","2023-02-13","Naoma Carmelita Bann"
"Rozelle  Beaten","5543727","3354.49","2022-07-13","Madella  Pennycord"
"Avril Janey Vail","6405475","3726.23","2022-10-24","Aguie  Filler"
"Pearle Jamie Callar","5900292","5490.34","2022-06-12","Sheffie Kenton Jedrzejewicz"
"Cathrin  Corgenvin","5894333","3159.34","2022-07-09","Darice  Redwood"
"Andreas  Jones","7553901","1993.34","2022-12-31","Allin  O'Leary"
"Aaron Burch Swalwell","6858485","4326.87","2022-08-31","Eden Bianca Menhci"
"Reese Iver Pinkerton","5191523","3819.87","2022-12-11","Greer Jacqueline Hannen"
"Charis  Sworn","980430","652.1","2022-10-16","Kimball  Shadwick"
"Alisa  Clemencon","5749062","4977.0","2022-11-23","Malvin  Thurlbeck"
"Waldemar  Crowcroft","4618692","1460.13","2022-08-27","Dominick Mayne Guildford"
"Levi  Karczinski","1605609","5382.27","2023-03-09","Wilbert Randell Connell"
"Noll Worthington Willowby","1651170","3883.27","2022-10-23","Arv  Treppas"
"Traci Marta Wittleton","7025767","1174.05","2022-10-01","Brandy Shelagh Cianni"
"Jarrad  Dalloway","5999041","2697.11","2023-01-22","Archer Bertrand Snaddon"
"Mort  Gwin","1752119","4510.11","2022-10-24","Jaimie Marget Hyett"
"Teddi Trixi Stegell","3973413","4114.36","2022-07-28","Carrol Henry Brinsden"
"Maribel Tammy Grubey","3106341","5313.82","2022-09-30","Hodge Willard Ruler"
"Amii Annie Minico","9521577","1305.51","2023-04-16","Marissa  Bachellier"
"Kelcie Tonia Harnott","2550606","4809.16","2023-04-05","Jarret Vasilis Sollom"
"Geri Byrann Ervin","915926","4087.83","2022-08-06","Anna-diana  Edgcombe"
"Addie  Learmount","3987385","5891.99","2022-06-13","Thatch  Stebbings"
"Gretal Carolin Themann","916058","1022.72","2022-12-10","Patty  Drissell"
"Marylinda Riki Terrett","8376396","6761.08","2023-01-10","Allix Viviene Allott"
"Lin Terri Deftie","4506951","4822.53","2022-07-31","Cherri Lebbie Boden"
"Ray  Akast","8229274","5269.63","2022-12-26","Eduard  Carwithan"
"Marji Bee Kellog","7375075","4556.19","2022-06-07","Joey Jose Cordero"
"Genna  Birtwisle","8728402","6168.17","2022-06-23","Lindy Gavan Gaffney"
"Gerry  McBrearty","1343605","2084.51","2022-05-31","Leyla Jenni Teresi"
"Greg  Moncey","1360653","1993.04","2023-03-15","Hamid  O' Reagan"
"Noby Ogdon Todarini","5680690","6713.16","2022-06-06","Willabella Marni Denne"
"De  Lembrick","3738152","6473.09","2022-06-23","Woodie  Studholme"
"Raimondo Jorgan Korn","5120504","1006.17","2022-12-22","Currey  Gillett"
"Fabian Konrad Morratt","7878622","6843.83","2022-11-16","Shayne  Prior"
"Garnette Anetta Ormistone","8538413","2698.49","2022-06-22","Morey  Aguirrezabala"
"Ely  Bedminster","6299393","6874.46","2023-01-17","Toby Tadeo Cornils"
"Antoine Haley Pittson","3537411","679.9","2022-09-19","Petr Alfonso Van Velden"
"Yvon  Betts","7515790","6517.07","2022-09-13","Vally  Pauer"
"Kareem  Skudder","6702611","626.87","2023-04-17","Belinda  Lottrington"
"Seymour Gavan Cockrem","8002521","3459.22","2022-12-19","Salim  Stallibrass"
"Barbey Suzanne Erb","7052112","6834.29","2022-12-21","Chrissie  Wabersinke"
"Pavlov Barnie Elmar","9805756","5455.51","2022-06-16","Stafford Inglis Kondratenko"
"Mehetabel Agnella Tebbet","7457168","2537.04","2022-11-24","Bastien  Barensky"
"Wilbur  Albers","786829","6054.54","2022-10-07","Deena Latisha Spurge"
"Marybeth Blair Rolf","3890938","1711.38","2022-12-13","Trever  McNiff"
"Janine Amelita Pendergast","1042730","5959.51","2022-07-04","Brok  Carreck"
"Karmen Atlante Wyvill","5774491","5266.0","2023-02-13","Denice  Bumfrey"
"Morissa Ann-marie Jesper","7952249","1174.84","2023-02-22","Josefa  Lamba"
"Bird Valentina O'Neill","4837118","6173.48","2022-07-26","Ike  Figgen"
"Cicily  Bernardini","5142377","1567.39","2022-10-06","Julie Cassandre Von Der Empten"
"Ambur Nannie Belchamber","9949318","6210.83","2023-04-22","Sunshine  Bride"
"Kienan Rollin Rosgen","9486939","5995.84","2022-09-15","Abie  Christie"
"Robbert  Toms","9724977","904.45","2022-10-17","Hadria Winnifred Tunnoch"
"Celie Austina Urvoy","6430066","961.15","2023-03-21","Darbee Dougy Medcalf"
"Ada Kipp Henriquet","2426389","4079.63","2022-09-19","Daphna Steffane Wolfer"
"Rabi Bentlee Worsnup","1872706","2329.07","2023-01-08","Joanne Georgine Bird"
"Tabina  Haggart","771110","2921.55","2022-08-10","Francisco  Stoggell"
"Griff  Fruin","4439113","3812.85","2022-10-25","Elayne Marya Rive"
"Homerus  Iron","3914348","2589.58","2022-07-11","Issy  Wigg"
"Chaunce  Morgen","3026501","6714.92","2023-04-16","Clara  Agus"
"Forrester Griffie Isenor","3896065","2330.82","2022-09-21","Fulvia  Kitley"
"Nikki  Fortey","9435070","3409.48","2023-03-27","Roarke Jamal Pharaoh"
"Maximilianus Hart Sherebrooke","1421703","5979.22","2023-02-04","Harry  Kelberman"
"Raychel Rochelle Pollock","9255642","6340.67","2023-04-25","Bay Alonso Farndell"
"Karissa Bianka Thirlwell","5952940","6266.06","2023-01-06","Zoe Candra Vint"
"Rubie Wallie Van der Brugge","6893128","5898.79","2022-07-22","Carley Eliza Brabant"
"Flory Frederik Chaimson","1306537","2503.57","2023-01-02","Janelle  Lawrence"
"Stinky  Blouet","8812101","2264.59","2022-08-08","Bearnard  Casetti"
"Sondra Moyra Cockin","1758862","2236.79","2023-02-17","Anna-diane Holly Petrozzi"
"Ferd Hanson Willshaw","1773828","2963.72","2022-08-20","Ody  De Blasi"
"Cam Yalonda Roads","7486577","5804.46","2023-01-09","Rickie  Parham"
"Bella  Longfellow","1237065","5412.7","2022-08-31","Cynthea  Duthie"
"Tabby Liva Goning","4099445","4550.9","2022-07-26","Antone  Meneghelli"
"Christoph  Stare","3325699","6430.88","2022-05-30","Mei Polly Alliban"
"Averil Selig Cawdery","134033","2408.29","2023-04-29","Ezekiel Art Redford"
"Roosevelt  Mann","6466781","2948.31","2023-01-04","Theresina  Cometti"
"Tiff  Hawthorn","613417","3441.96","2023-01-09","Tyrone  Rosi"
"Barry  Schrader","3603339","3222.84","2023-03-04","Guinna  Billings"
"Jennee Irene Fattore","6622056","2515.95","2022-06-27","Elvyn Giffard Mecco"
"Ursala Stefania Howison","9460945","6715.5","2023-02-14","Kurt  Clubb"
"Ebonee  Grinvalds","4415492","5255.32","2022-09-13","Brendon  Samet"
"Cully  Daggett","2858690","1242.66","2023-02-14","Blinnie  Anning"
"Vin  Walworche","7813488","772.14","2022-08-30","Violet Shannon Kencott"
