"Supplier ID","Supplier Name","Supplier Address"
"7289227","BestFit Shoe Suppliers","9654 Hoepker Center"
"5146863","BestFit Shoe Suppliers","134 Kropf Parkway"
"1691251","Quality Footwear Supplies","8 Hovde Court"
"8161703","SoleSource","2434 Susan Point"
"4409500","BestFit Shoe Suppliers","35 Roxbury Court"
"424199","Trendy Soles","8667 Redwing Plaza"
"1186909","Classic Shoe Traders","55373 Reinke Park"
"8534457","Fashion Forward Shoes","9 Cascade Terrace"
"2639307","Quality Footwear Supplies","19 Comanche Trail"
"5238522","Reliable Shoe Wholesalers","59585 Oak Valley Plaza"
"721039","Fashion Forward Shoes","91 Gulseth Parkway"
"4993933","Elite Shoe Distributors","6 Susan Trail"
"588842","FootJoy Distributors","935 Cambridge Circle"
"8267196","SoleSource","0959 Grasskamp Center"
"6755698","BestFit Shoe Suppliers","82 Knutson Drive"
"3861853","Stepwise Shoe Suppliers","7451 Tennessee Terrace"
"9668992","SoleSource","1882 Ridgeway Lane"
"1903049","Reliable Shoe Wholesalers","49528 Linden Street"
"6512703","Reliable Shoe Wholesalers","27 Merchant Junction"
"8231122","Footwear Direct","647 Basil Court"
"980208","Fashion Forward Shoes","9486 Debra Street"
"3643353","StepUp Shoes","391 Westerfield Junction"
"830406","FootJoy Distributors","088 Kim Way"
"6246005","Global Shoe Co.","31 1st Avenue"
"9161790","BestFit Shoe Suppliers","427 Sugar Junction"
"8779158","ShoeSense Suppliers","0 Karstens Lane"
"2530032","Reliable Shoe Wholesalers","42032 Canary Terrace"
"6980558","FootJoy Distributors","35316 Leroy Lane"
"3727670","AllStar Footwear","27919 Tennessee Avenue"
"603611","Shoe Warehouse","36 Trailsway Place"
"6287785","Reliable Shoe Wholesalers","83 Golf View Court"
"8943053","SoleSource","1297 Raven Park"
"6622555","Footwear Direct","71 Tennessee Street"
"5767555","Global Shoe Co.","4087 Stephen Street"
"9061539","FootJoy Distributors","85147 Schiller Alley"
"3150968","Trendy Soles","93 Shopko Place"
"8081621","Sole Solutions","4 Merry Trail"
"1723807","Quality Footwear Supplies","3935 Kennedy Alley"
"1325146","StepUp Shoes","0 Clemons Pass"
"1415082","Elite Shoe Distributors","0 Calypso Point"
"3290177","StyleMakers Footwear","997 Gerald Hill"
"7780119","Quality Footwear Supplies","69580 Gateway Place"
"6235480","Fashion Forward Shoes","051 Mifflin Junction"
"7195377","Footwear Direct","0 Butterfield Place"
"562439","Fashion Forward Shoes","6 Jenifer Junction"
"3293907","Quality Footwear Supplies","608 Moland Place"
"3038290","Prime Shoe Imports","16330 Fuller Place"
"3416119","StyleMakers Footwear","81 Warrior Way"
"3831442","Shoe Warehouse","4369 Memorial Point"
"9015886","Elite Shoe Distributors","982 Burning Wood Crossing"
"5066305","Elite Shoe Distributors","55 Brown Lane"
"8645871","Elite Shoe Distributors","965 Fair Oaks Hill"
"8532481","Global Shoe Co.","648 Sutteridge Point"
"5899064","Global Shoe Co.","9462 Canary Way"
"1356588","Comfort Feet Suppliers","27929 Park Meadow Court"
"5756554","BestFit Shoe Suppliers","5 Center Alley"
"6735064","Footwear Direct","55 Hallows Street"
"9839310","Global Shoe Co.","1613 Bartillon Circle"
"3223693","Classic Shoe Traders","2130 Judy Way"
"9286205","StyleMakers Footwear","3 Tomscot Way"
"603722","Fashion Forward Shoes","8611 Arizona Plaza"
"5773520","Footwear Direct","91 Surrey Pass"
"8178268","StepUp Shoes","96306 Mcguire Court"
"7325707","Quality Footwear Supplies","9 Memorial Pass"
"8135260","Global Shoe Co.","17 Dahle Plaza"
"5767224","Footwear Direct","87 Springs Parkway"
"458966","SoleSource","9137 Moose Terrace"
"2820087","Reliable Shoe Wholesalers","68 Spenser Circle"
"7743739","ShoeSense Suppliers","4 Evergreen Point"
"7085077","StyleMakers Footwear","619 Everett Street"
"8834957","Comfort Feet Suppliers","94588 Rusk Park"
"4193336","FootJoy Distributors","150 Monica Crossing"
"6783628","Global Shoe Co.","1 Morning Street"
"3422309","BestFit Shoe Suppliers","11 6th Hill"
"3581615","Fashion Forward Shoes","97986 Del Mar Road"
"1988854","StyleMakers Footwear","2764 Bayside Avenue"
"2209446","Shoe Warehouse","6253 Ruskin Circle"
"7678771","Shoe Warehouse","3 Forest Run Point"
"7634942","Reliable Shoe Wholesalers","938 Aberg Trail"
"2639555","Classic Shoe Traders","34808 Kinsman Point"
"6307237","BestFit Shoe Suppliers","5431 Randy Plaza"
"5205443","SoleSource","4824 Valley Edge Parkway"
"8686241","BestFit Shoe Suppliers","05799 Jenifer Center"
"5407172","Classic Shoe Traders","24438 Summerview Trail"
"7654609","SoleSource","26055 Randy Road"
"3935901","Classic Shoe Traders","270 Bobwhite Lane"
"8546844","Elite Shoe Distributors","97703 West Pass"
"6054527","SoleSource","5881 Butternut Lane"
"74238","SoleSource","5349 Buhler Way"
"1201613","Classic Shoe Traders","28716 Goodland Circle"
"8902159","StyleMakers Footwear","32 International Way"
"5306811","SoleSource","5 Anniversary Hill"
"1970277","Quality Footwear Supplies","1998 Rockefeller Point"
"3288934","Reliable Shoe Wholesalers","08 Kropf Street"
"7353624","StyleMakers Footwear","185 Havey Junction"
"3211405","Elite Shoe Distributors","746 Rieder Avenue"
"2050105","Trendy Soles","0 Logan Park"
"3350373","Classic Shoe Traders","1 Rockefeller Junction"
"3787468","Footwear Direct","7 Cottonwood Trail"
"9833865","AllStar Footwear","951 Mcbride Place"
"3198533","Elite Shoe Distributors","2 Waywood Center"
"3844163","Fashion Forward Shoes","46 Ludington Crossing"
"5821553","Elite Shoe Distributors","5887 Garrison Place"
"9501549","Reliable Shoe Wholesalers","99763 Clemons Park"
"6154233","Stepwise Shoe Suppliers","32025 Forster Drive"
"6245048","Global Shoe Co.","73 Porter Center"
"2022166","AllStar Footwear","98294 Dawn Park"
"3499145","ShoeSense Suppliers","40306 Swallow Place"
"8425067","Comfort Feet Suppliers","08 Graedel Court"
"7584270","Prime Shoe Imports","5 Dapin Drive"
"9946869","Prime Shoe Imports","7 Nancy Pass"
"9829736","StepUp Shoes","6702 Lotheville Center"
"9689533","Comfort Feet Suppliers","8 Mifflin Pass"
"1317564","Classic Shoe Traders","79140 Tomscot Alley"
"2030115","Footwear Direct","4 Novick Point"
"504134","ShoeSense Suppliers","15716 Carberry Center"
"2859642","Classic Shoe Traders","22 Arrowood Hill"
"2248445","Prime Shoe Imports","08202 Goodland Center"
"3169691","SoleSource","349 Dawn Point"
"9058696","ShoeSense Suppliers","558 Bowman Lane"
"5399783","Reliable Shoe Wholesalers","81 East Center"
"3014444","Classic Shoe Traders","39 Moland Point"
"2579907","Trendy Soles","95556 Springs Street"
"1835045","Shoe Warehouse","0251 Oak Valley Way"
"2155331","ShoeSense Suppliers","94 Oak Junction"
"675598","ShoeSense Suppliers","76 2nd Terrace"
"3763276","Trendy Soles","0860 Eagle Crest Lane"
"8131425","Trendy Soles","00201 Londonderry Crossing"
"1033917","AllStar Footwear","005 Nova Avenue"
"3403568","Footwear Direct","05 Crescent Oaks Place"
"79837","Global Shoe Co.","52766 Elmside Trail"
"7764637","Prime Shoe Imports","72366 Brickson Park Lane"
"7544329","StepUp Shoes","8 Dayton Plaza"
"8023673","Elite Shoe Distributors","5037 Hayes Hill"
"338040","Classic Shoe Traders","12 5th Circle"
"1474202","Prime Shoe Imports","4 Algoma Terrace"
"5724082","Prime Shoe Imports","8 Victoria Road"
"5813657","Reliable Shoe Wholesalers","35633 Rowland Center"
"2183035","FootJoy Distributors","29 Oak Valley Junction"
"6319436","BestFit Shoe Suppliers","151 Erie Crossing"
"824009","Elite Shoe Distributors","3 Forest Point"
"3912588","SoleSource","2175 Jackson Alley"
"3488021","FootJoy Distributors","2 Clemons Pass"
"5316472","Quality Footwear Supplies","37 Cardinal Point"
"5684552","Footwear Direct","7 Judy Trail"
"2454932","SoleSource","9486 Eastwood Avenue"
"6056062","BestFit Shoe Suppliers","9712 Shelley Park"
"4121507","Footwear Direct","3 Stuart Street"
"1134722","FootJoy Distributors","6 Little Fleur Point"
"8562139","Classic Shoe Traders","46631 Morningstar Lane"
"1775399","Comfort Feet Suppliers","6 Nova Avenue"
"4384628","Elite Shoe Distributors","68442 Loomis Alley"
"7390214","Shoe Warehouse","37 Manufacturers Court"
"9884578","Prime Shoe Imports","6447 Washington Crossing"
"1547684","Footwear Direct","8168 Moland Drive"
"9172311","AllStar Footwear","456 Sage Lane"
"2299151","ShoeSense Suppliers","2660 Killdeer Avenue"
"394842","Sole Solutions","9583 Crescent Oaks Plaza"
"8795085","AllStar Footwear","381 Barnett Hill"
"398851","Trendy Soles","077 Barby Crossing"
"3623312","Global Shoe Co.","06544 Gulseth Way"
"5627935","Quality Footwear Supplies","1 Luster Place"
"1301342","Classic Shoe Traders","43207 Harbort Plaza"
"9958737","AllStar Footwear","4 Golden Leaf Drive"
"2922636","Reliable Shoe Wholesalers","18095 Anzinger Point"
"490897","Reliable Shoe Wholesalers","486 Portage Park"
"8176138","BestFit Shoe Suppliers","8 Northland Hill"
"2725751","Classic Shoe Traders","5477 East Court"
"6938412","Footwear Direct","60 Clarendon Place"
"1200739","Classic Shoe Traders","4086 Banding Alley"
"6147743","Quality Footwear Supplies","2 Lyons Terrace"
"4048911","Sole Solutions","619 Pond Lane"
"5534168","Reliable Shoe Wholesalers","0515 Sunnyside Circle"
"2164765","SoleSource","6 Tony Hill"
"4915394","Comfort Feet Suppliers","600 Fieldstone Street"
"3649405","Global Shoe Co.","39 International Circle"
"1898835","SoleSource","2087 Rutledge Center"
"3798212","Classic Shoe Traders","31 Merry Terrace"
"3522136","Global Shoe Co.","957 Hanson Junction"
"6958298","Footwear Direct","86936 Burrows Parkway"
"8795898","SoleSource","27 Pierstorff Drive"
"7646083","Elite Shoe Distributors","2 Portage Center"
"8236666","StepUp Shoes","003 Homewood Drive"
"3463587","Elite Shoe Distributors","7502 5th Plaza"
"1628428","Prime Shoe Imports","7719 Swallow Parkway"
"5715607","Sole Solutions","910 Continental Lane"
"5345315","BestFit Shoe Suppliers","090 Sundown Point"
"249817","Classic Shoe Traders","96 Comanche Center"
"6612146","Footwear Direct","0 Havey Road"
"629633","Quality Footwear Supplies","1 Michigan Point"
"535414","Reliable Shoe Wholesalers","042 Stoughton Alley"
"3693654","SoleSource","4936 Warbler Plaza"
"9463191","FootJoy Distributors","57 Dahle Center"
"2223513","BestFit Shoe Suppliers","6567 Clove Street"
"8274752","Comfort Feet Suppliers","088 Eagan Street"
"4054624","SoleSource","0107 Derek Trail"
"6061724","Reliable Shoe Wholesalers","36891 Union Road"
"3096530","Shoe Warehouse","83 Park Meadow Road"
"9589053","AllStar Footwear","147 Buena Vista Trail"
"6033448","Classic Shoe Traders","364 Basil Lane"
"9200941","ShoeSense Suppliers","28 Tony Trail"
"1032781","BestFit Shoe Suppliers","386 Bonner Road"
"7452148","BestFit Shoe Suppliers","200 Merchant Road"
"6109201","SoleSource","380 Towne Plaza"
"5248305","Trendy Soles","67567 Oneill Point"
"4751040","Stepwise Shoe Suppliers","641 Melody Plaza"
"2977910","StepUp Shoes","7 Lillian Junction"
"7353183","Fashion Forward Shoes","43957 Mcbride Crossing"
"7685346","SoleSource","51 Green Terrace"
"5331869","ShoeSense Suppliers","35683 Elmside Parkway"
"1383488","Footwear Direct","86825 Daystar Drive"
"8261796","Quality Footwear Supplies","46698 Schlimgen Alley"
"141721","Footwear Direct","422 Manitowish Junction"
"1592586","Footwear Direct","6790 Chinook Street"
"8554999","Global Shoe Co.","57330 Stephen Avenue"
"1090588","Footwear Direct","746 Bluestem Court"
"5016088","Quality Footwear Supplies","73376 Talmadge Circle"
"1309308","Prime Shoe Imports","828 Paget Way"
"5276887","AllStar Footwear","816 Delaware Center"
"6698952","ShoeSense Suppliers","4 Onsgard Road"
"655075","SoleSource","39082 Pennsylvania Pass"
"9666813","Fashion Forward Shoes","688 Ramsey Alley"
"7499761","Fashion Forward Shoes","205 Parkside Parkway"
"7922912","Elite Shoe Distributors","5 Truax Terrace"
"6180656","Footwear Direct","2452 Heffernan Crossing"
"8226014","Prime Shoe Imports","0 Moulton Road"
"8157833","Reliable Shoe Wholesalers","87 Fisk Street"
"402399","StyleMakers Footwear","095 Longview Drive"
"255970","Elite Shoe Distributors","5142 Lake View Road"
"1749028","Trendy Soles","747 Lawn Pass"
"108176","Reliable Shoe Wholesalers","07 Eastwood Lane"
"1994420","Classic Shoe Traders","30 Harper Trail"
"9580397","Elite Shoe Distributors","3 Spaight Circle"
"8515630","Trendy Soles","57 Commercial Terrace"
"6000951","Footwear Direct","2 Utah Pass"
"7073801","BestFit Shoe Suppliers","51872 Dennis Lane"
"3058281","Sole Solutions","213 Anderson Circle"
"8359855","Trendy Soles","44 Novick Pass"
"3032112","BestFit Shoe Suppliers","76 Sugar Plaza"
"9483103","Global Shoe Co.","4 Parkside Point"
"9439193","Classic Shoe Traders","0032 Hazelcrest Center"
"2897207","Stepwise Shoe Suppliers","55 Moland Junction"
"920272","Sole Solutions","2280 Di Loreto Hill"
"8496290","Fashion Forward Shoes","9 Stuart Lane"
"4017669","AllStar Footwear","54682 Waxwing Avenue"
"2853512","Comfort Feet Suppliers","58 Shelley Trail"
"7011103","Sole Solutions","2491 7th Center"
"9840112","AllStar Footwear","384 Nelson Junction"
"3919400","Reliable Shoe Wholesalers","8418 Grayhawk Road"
"8681518","Reliable Shoe Wholesalers","373 Green Ridge Hill"
"8436351","Prime Shoe Imports","61 Emmet Pass"
"6570395","FootJoy Distributors","85267 Dorton Plaza"
"2991889","Trendy Soles","3 Declaration Terrace"
"2376670","Classic Shoe Traders","8 Redwing Avenue"
"5475099","AllStar Footwear","8864 Kinsman Park"
"1125204","AllStar Footwear","08 Sommers Alley"
"7322064","Elite Shoe Distributors","108 Village Green Plaza"
"1839063","Stepwise Shoe Suppliers","22 North Drive"
"2784328","Classic Shoe Traders","3 Kropf Pass"
"756393","ShoeSense Suppliers","036 Badeau Park"
"9560436","Comfort Feet Suppliers","4070 Mosinee Terrace"
"5841733","StepUp Shoes","273 Thierer Center"
"4810906","BestFit Shoe Suppliers","1475 Bunker Hill Lane"
"1718054","Trendy Soles","82 Moose Crossing"
"674608","Footwear Direct","0427 Arkansas Lane"
"8264303","FootJoy Distributors","22 Elgar Street"
"297866","Footwear Direct","68 Hallows Lane"
"626917","Sole Solutions","73736 Mitchell Pass"
"6197031","Prime Shoe Imports","9 Mitchell Parkway"
"3036999","Comfort Feet Suppliers","2218 Erie Terrace"
"7897083","Fashion Forward Shoes","6293 Sutherland Alley"
"9609681","Prime Shoe Imports","03546 Messerschmidt Pass"
"5746410","ShoeSense Suppliers","34 Sutteridge Junction"
"6446412","ShoeSense Suppliers","221 Union Drive"
"9519513","Footwear Direct","382 Towne Place"
"1752614","Stepwise Shoe Suppliers","5558 Paget Point"
"6535197","Sole Solutions","78096 Spaight Junction"
"5819004","Trendy Soles","284 Randy Hill"
"6184841","SoleSource","62 Kensington Pass"
"6882348","FootJoy Distributors","518 Bartillon Court"
"2054621","StepUp Shoes","0 Loftsgordon Point"
"6336442","FootJoy Distributors","53882 Kenwood Terrace"
"9457140","Prime Shoe Imports","234 Straubel Terrace"
"4516130","SoleSource","049 Arrowood Pass"
"2442255","SoleSource","6923 Fuller Junction"
"9969361","Global Shoe Co.","895 Blue Bill Park Lane"
"3204744","Elite Shoe Distributors","7 Dahle Park"
"7191141","Quality Footwear Supplies","2 Eagle Crest Way"
"6325510","Quality Footwear Supplies","05 Rigney Hill"
"239410","Shoe Warehouse","2 Sycamore Circle"
"5154228","Comfort Feet Suppliers","3 Eastlawn Drive"
"4249554","Elite Shoe Distributors","5 Crest Line Way"
"6878402","Prime Shoe Imports","776 Twin Pines Parkway"
"335327","Classic Shoe Traders","62 Hovde Road"
"5976469","Stepwise Shoe Suppliers","575 Crownhardt Drive"
"2913005","Prime Shoe Imports","9 Cardinal Point"
"4440411","Fashion Forward Shoes","1 Crest Line Junction"
"1805245","Classic Shoe Traders","03 Meadow Vale Way"
"6440127","Sole Solutions","3614 Golf Alley"
"2646482","Classic Shoe Traders","4 Farmco Pass"
"6611298","StyleMakers Footwear","159 2nd Circle"
"6164723","Reliable Shoe Wholesalers","0398 Lakeland Terrace"
"5557641","FootJoy Distributors","91655 Westerfield Circle"
"1506590","Classic Shoe Traders","9569 Bultman Circle"
"3659532","FootJoy Distributors","719 Buhler Lane"
"4341043","Global Shoe Co.","459 Swallow Hill"
"4223193","Prime Shoe Imports","91 Tennyson Pass"
"814503","Shoe Warehouse","4 Coleman Road"
"2218998","AllStar Footwear","93073 Prairie Rose Lane"
"6368934","StepUp Shoes","0852 Laurel Court"
"2197109","Stepwise Shoe Suppliers","3352 Bonner Drive"
"5078896","Footwear Direct","5939 Chinook Park"
"6256993","Fashion Forward Shoes","20 Ridgeview Junction"
"5913728","Global Shoe Co.","12 Duke Way"
"3512925","ShoeSense Suppliers","48 Buell Trail"
"2350923","AllStar Footwear","156 Northwestern Circle"
"4779766","Elite Shoe Distributors","642 Graceland Way"
"4363471","BestFit Shoe Suppliers","33 Sunfield Parkway"
"80235","Fashion Forward Shoes","5448 Green Ridge Way"
"8020105","AllStar Footwear","30 Stang Court"
"520146","Shoe Warehouse","57694 Bellgrove Place"
"2490161","Reliable Shoe Wholesalers","376 Hoffman Park"
"8536896","FootJoy Distributors","18647 Center Place"
"2456638","Fashion Forward Shoes","1 Porter Place"
"4352110","ShoeSense Suppliers","9 Dunning Alley"
"2803874","FootJoy Distributors","73574 Eliot Alley"
"5539263","Global Shoe Co.","95929 Oak Valley Center"
"2313808","Comfort Feet Suppliers","3 Carey Court"
"4676201","BestFit Shoe Suppliers","2 Kipling Alley"
"1489037","Global Shoe Co.","4835 Clove Plaza"
"5996157","Elite Shoe Distributors","80206 Summer Ridge Point"
"4062482","Elite Shoe Distributors","87446 Arkansas Point"
"1719502","FootJoy Distributors","62 North Trail"
"8386584","Stepwise Shoe Suppliers","5 Corben Park"
"6021171","Classic Shoe Traders","18396 Del Sol Point"
"2734553","FootJoy Distributors","583 Mitchell Crossing"
"291433","Reliable Shoe Wholesalers","0094 Linden Terrace"
"2371073","Reliable Shoe Wholesalers","2976 Haas Road"
"4441938","AllStar Footwear","2569 Maryland Pass"
"5306902","Shoe Warehouse","9825 6th Trail"
"6290821","Trendy Soles","56 Mariners Cove Drive"
"2985770","Fashion Forward Shoes","7 Hintze Terrace"
"6179433","Trendy Soles","8849 Ronald Regan Parkway"
"9799108","Prime Shoe Imports","1 Forest Dale Center"
"2779187","Sole Solutions","4998 Dawn Terrace"
"4286203","Quality Footwear Supplies","25331 Golden Leaf Trail"
"1683883","Fashion Forward Shoes","90 Sachs Court"
"9852811","Prime Shoe Imports","3155 Oriole Plaza"
"1566514","StyleMakers Footwear","3412 Bay Alley"
"6514192","Stepwise Shoe Suppliers","2937 Del Sol Parkway"
"1066068","StyleMakers Footwear","6796 Warrior Hill"
"8479174","FootJoy Distributors","73 Truax Terrace"
"6243142","Fashion Forward Shoes","3 Loeprich Place"
"9677797","Sole Solutions","3920 Springview Point"
"9784725","Sole Solutions","05264 Arrowood Street"
"5154437","Stepwise Shoe Suppliers","34 Graceland Pass"
"186854","Stepwise Shoe Suppliers","4 Buhler Court"
"5151677","StepUp Shoes","31 Farwell Court"
"2175240","SoleSource","45827 Moulton Point"
"4943719","AllStar Footwear","94 Bellgrove Avenue"
"6849749","Classic Shoe Traders","68169 Hintze Center"
"3630736","Fashion Forward Shoes","123 Hovde Pass"
"4706517","Footwear Direct","002 Pepper Wood Avenue"
"6403943","Sole Solutions","55 Harper Hill"
"6241688","StepUp Shoes","8882 Daystar Circle"
"8178562","SoleSource","53 Norway Maple Lane"
"9154656","Footwear Direct","228 Red Cloud Alley"
"1568573","Shoe Warehouse","62 Comanche Terrace"
"4346142","Prime Shoe Imports","02886 Wayridge Center"
"7977489","StyleMakers Footwear","2249 Nancy Plaza"
"7038784","Footwear Direct","57288 Pennsylvania Place"
"3922003","Trendy Soles","7 Southridge Alley"
"4909636","Quality Footwear Supplies","5764 Namekagon Street"
"3636407","Fashion Forward Shoes","18 Starling Pass"
"4082116","Stepwise Shoe Suppliers","536 2nd Circle"
"1919730","Quality Footwear Supplies","1287 East Place"
"2691540","Global Shoe Co.","0716 Grim Junction"
"2006852","Prime Shoe Imports","6 Towne Junction"
"7694083","SoleSource","2 Maple Wood Plaza"
"3565380","BestFit Shoe Suppliers","56103 Spohn Road"
"4791631","Fashion Forward Shoes","71625 Daystar Circle"
"5748239","StepUp Shoes","357 Nova Lane"
"3057984","StyleMakers Footwear","55803 Carioca Parkway"
"2144245","Fashion Forward Shoes","91 Carpenter Way"
"945003","Footwear Direct","174 Eastwood Point"
"934382","StyleMakers Footwear","65442 Mcbride Plaza"
"8103565","Fashion Forward Shoes","47567 Charing Cross Park"
"2002792","Comfort Feet Suppliers","48 Pine View Lane"
"4641737","Footwear Direct","0789 Cambridge Junction"
"5431697","Reliable Shoe Wholesalers","943 Carpenter Plaza"
"4328898","Shoe Warehouse","8603 Delladonna Way"
"847722","Prime Shoe Imports","3897 Oak Valley Avenue"
"3275973","Classic Shoe Traders","2367 Corben Park"
"9055752","Reliable Shoe Wholesalers","5 Lukken Park"
"9624753","Fashion Forward Shoes","3941 Rieder Plaza"
"7888894","Stepwise Shoe Suppliers","16552 Carpenter Hill"
"1309106","Stepwise Shoe Suppliers","633 Lyons Pass"
"5633846","Sole Solutions","5 Corscot Way"
"3528395","Prime Shoe Imports","1 Bayside Point"
"7250115","StepUp Shoes","93 Vidon Street"
"643835","Classic Shoe Traders","7028 Old Gate Alley"
"7158021","Fashion Forward Shoes","2 Namekagon Place"
"9886356","Global Shoe Co.","3336 Hoffman Trail"
"6768363","StyleMakers Footwear","1 Daystar Way"
"5634741","Elite Shoe Distributors","73304 Sugar Avenue"
"468082","ShoeSense Suppliers","7370 Mcbride Avenue"
"2079877","SoleSource","904 Cambridge Parkway"
"4704297","ShoeSense Suppliers","73 Browning Lane"
"4141395","Sole Solutions","2115 Bunker Hill Alley"
"9346431","FootJoy Distributors","422 Lyons Plaza"
"4405393","StyleMakers Footwear","4346 Dawn Hill"
"4156462","Footwear Direct","66837 Boyd Junction"
"109009","Prime Shoe Imports","0445 Vahlen Center"
"4303332","Classic Shoe Traders","91641 Jenifer Alley"
"8258313","Quality Footwear Supplies","37426 Mariners Cove Park"
"3358442","Elite Shoe Distributors","6956 Dovetail Circle"
"5715697","BestFit Shoe Suppliers","69 Drewry Center"
"9153500","SoleSource","4 Arrowood Point"
"725908","Shoe Warehouse","7 Clove Street"
"8734556","Classic Shoe Traders","1 Knutson Park"
"9374590","StepUp Shoes","19630 Nancy Alley"
"6115918","ShoeSense Suppliers","9 Elmside Circle"
"471653","Sole Solutions","18 Russell Drive"
"6969076","Reliable Shoe Wholesalers","40221 Toban Drive"
"3260045","Classic Shoe Traders","1995 Dakota Lane"
"7464007","Sole Solutions","126 Laurel Street"
"3715225","Comfort Feet Suppliers","924 Loeprich Hill"
"9617648","Stepwise Shoe Suppliers","5 Dahle Avenue"
"1817460","BestFit Shoe Suppliers","9 Mcbride Road"
"6737646","ShoeSense Suppliers","6 Monica Point"
"6969352","Footwear Direct","89 Truax Court"
"4800326","Footwear Direct","6 Valley Edge Avenue"
"5907726","FootJoy Distributors","555 Waubesa Road"
"7742329","Sole Solutions","2532 Memorial Way"
"1362159","Stepwise Shoe Suppliers","4 Lerdahl Plaza"
"5913491","Fashion Forward Shoes","35943 Carioca Street"
"2659397","BestFit Shoe Suppliers","0 Towne Drive"
"5719093","Prime Shoe Imports","28 Scofield Terrace"
"2506062","Reliable Shoe Wholesalers","02612 Manitowish Trail"
"171711","Global Shoe Co.","6 Superior Court"
"6046647","StyleMakers Footwear","35100 Talisman Point"
"9502496","Fashion Forward Shoes","27 Sunbrook Crossing"
"2555303","Quality Footwear Supplies","0 Bowman Court"
"660156","FootJoy Distributors","087 Katie Court"
"9046366","AllStar Footwear","55284 Linden Plaza"
"4058626","FootJoy Distributors","94 Park Meadow Center"
"4081256","Prime Shoe Imports","3130 Fair Oaks Center"
"6945473","Sole Solutions","42 Myrtle Center"
"5461708","Reliable Shoe Wholesalers","391 Towne Plaza"
"7234186","Footwear Direct","476 Toban Circle"
"5884258","Elite Shoe Distributors","969 Becker Pass"
"1628355","SoleSource","76739 Lotheville Terrace"
"1999544","AllStar Footwear","68 Pankratz Point"
"7462333","Footwear Direct","72202 Waywood Lane"
"4346059","StyleMakers Footwear","84 Bunker Hill Street"
"3173790","StepUp Shoes","492 Oak Trail"
"8263234","Reliable Shoe Wholesalers","314 Golf Avenue"
"7194259","AllStar Footwear","48 1st Way"
"7583792","Quality Footwear Supplies","7 Clarendon Court"
"9615175","Prime Shoe Imports","586 Milwaukee Drive"
"6874876","Reliable Shoe Wholesalers","3 Jana Street"
"1775098","Stepwise Shoe Suppliers","09 Barby Crossing"
"2750424","Stepwise Shoe Suppliers","3120 Linden Road"
"8587881","AllStar Footwear","908 Golden Leaf Circle"
"5648855","Comfort Feet Suppliers","53628 Holy Cross Crossing"
"9663835","StepUp Shoes","8234 Cordelia Court"
"9955902","SoleSource","39282 Eastlawn Park"
"8162255","BestFit Shoe Suppliers","41 Division Junction"
"9395128","AllStar Footwear","2 Ilene Street"
"2750808","Shoe Warehouse","90942 Farwell Crossing"
"4125010","Fashion Forward Shoes","123 Clemons Alley"
"9778232","Shoe Warehouse","847 Basil Circle"
"3095508","FootJoy Distributors","11497 Drewry Park"
"5914177","BestFit Shoe Suppliers","965 Sutherland Court"
"5864126","StepUp Shoes","643 Pierstorff Court"
"189826","Quality Footwear Supplies","7 Sutteridge Street"
"9923674","FootJoy Distributors","9 Anderson Terrace"
"8842191","ShoeSense Suppliers","40 Vernon Point"
"4747068","Prime Shoe Imports","80676 Clove Terrace"
"3711241","Fashion Forward Shoes","08581 Merrick Avenue"
"225245","Reliable Shoe Wholesalers","953 Stone Corner Street"
"8627579","FootJoy Distributors","787 Coolidge Parkway"
"1184348","BestFit Shoe Suppliers","56212 Division Street"
"6894782","Classic Shoe Traders","3 Bellgrove Circle"
"4520550","Quality Footwear Supplies","8 Hooker Circle"
"9483739","Fashion Forward Shoes","4754 Michigan Place"
"7710265","Global Shoe Co.","11 Texas Court"
"4738720","StyleMakers Footwear","849 Cambridge Plaza"
"8306262","SoleSource","18803 3rd Crossing"
"8808983","Shoe Warehouse","022 Shoshone Place"
"4003156","Prime Shoe Imports","4564 Northport Lane"
"2625516","Sole Solutions","2750 Butterfield Point"
"9588623","Trendy Soles","1 School Circle"
"9144482","Global Shoe Co.","44 Luster Terrace"
"1862184","Reliable Shoe Wholesalers","4 Schiller Trail"
"9681738","Reliable Shoe Wholesalers","64588 Mallory Point"
"5088132","Global Shoe Co.","2786 Amoth Circle"
"231689","Reliable Shoe Wholesalers","1 Kennedy Pass"
"801464","Prime Shoe Imports","620 Bultman Circle"
"9413307","Prime Shoe Imports","41 Bowman Trail"
"6971107","Elite Shoe Distributors","10928 Carpenter Parkway"
"2821323","Footwear Direct","4 Kennedy Way"
"1984648","Reliable Shoe Wholesalers","4533 Badeau Drive"
"1067203","FootJoy Distributors","6 Gerald Place"
"176278","Comfort Feet Suppliers","20365 Sage Junction"
"179248","FootJoy Distributors","6 Rowland Alley"
"4784770","ShoeSense Suppliers","08 Mesta Terrace"
"7392280","StepUp Shoes","73784 Surrey Alley"
"1193335","Trendy Soles","79887 School Center"
"5242789","ShoeSense Suppliers","193 Pierstorff Road"
"8764172","SoleSource","66 Burning Wood Plaza"
"5150058","Stepwise Shoe Suppliers","4 Stoughton Hill"
"3373653","Sole Solutions","1507 Dryden Center"
"6078930","Shoe Warehouse","98565 Center Junction"
"2614769","Comfort Feet Suppliers","74 American Ash Lane"
"5155506","StepUp Shoes","0 Michigan Park"
"319649","BestFit Shoe Suppliers","86912 Northview Terrace"
"9879237","StepUp Shoes","20 Colorado Pass"
"1108752","Prime Shoe Imports","09995 Lakeland Pass"
"7541756","Fashion Forward Shoes","6660 Saint Paul Lane"
"2608802","Comfort Feet Suppliers","42 Butterfield Place"
"5899483","StyleMakers Footwear","31 Lotheville Pass"
"7768293","Global Shoe Co.","24 Ohio Terrace"
"5267643","Elite Shoe Distributors","6 Merchant Road"
"1998204","Stepwise Shoe Suppliers","24 Blaine Parkway"
"3492471","AllStar Footwear","99145 Gina Park"
"7926487","Stepwise Shoe Suppliers","756 Waubesa Park"
"1603961","StyleMakers Footwear","8 Ilene Road"
"8339286","Comfort Feet Suppliers","3952 Acker Crossing"
"8486390","ShoeSense Suppliers","8343 Rowland Park"
"9562412","SoleSource","21 Mosinee Center"
"4267665","Elite Shoe Distributors","70296 Division Lane"
"2868719","Trendy Soles","67 Browning Place"
"4051165","Stepwise Shoe Suppliers","90 Donald Way"
"4183396","Footwear Direct","990 Mayer Parkway"
"3389143","Global Shoe Co.","35 Sunnyside Junction"
"1264637","BestFit Shoe Suppliers","901 Cody Park"
"1727966","Footwear Direct","8701 Del Sol Alley"
"5603816","FootJoy Distributors","500 Everett Place"
"4821313","ShoeSense Suppliers","6480 Anthes Point"
"318337","StyleMakers Footwear","8 Barby Junction"
"2450543","Fashion Forward Shoes","644 Di Loreto Circle"
"6052749","Shoe Warehouse","59 Stoughton Point"
"5489485","Stepwise Shoe Suppliers","20235 Jana Street"
"6290969","Sole Solutions","43448 Hooker Place"
"3484081","Quality Footwear Supplies","6806 American Ash Junction"
"9208831","Prime Shoe Imports","4 Spaight Avenue"
"3727783","Shoe Warehouse","196 Lotheville Terrace"
"5830392","Footwear Direct","73 Hauk Point"
"2075473","Footwear Direct","04767 Graedel Junction"
"7886014","Shoe Warehouse","3257 Michigan Road"
"4595687","Shoe Warehouse","366 Utah Place"
"9888095","Prime Shoe Imports","0268 Bonner Drive"
"2356790","Footwear Direct","913 Morningstar Junction"
"4762086","Sole Solutions","902 School Alley"
"9049557","FootJoy Distributors","494 Dottie Junction"
"7751589","Reliable Shoe Wholesalers","73 6th Alley"
"5872513","StepUp Shoes","8701 Menomonie Place"
"4749061","Global Shoe Co.","9 Center Road"
"3325977","FootJoy Distributors","94 Eagan Pass"
"977168","StepUp Shoes","68 Bowman Point"
"7342175","Fashion Forward Shoes","98121 Summer Ridge Point"
"5674261","Comfort Feet Suppliers","106 Morrow Park"
"407713","BestFit Shoe Suppliers","7930 Carey Avenue"
"2710808","StyleMakers Footwear","5110 Cherokee Court"
"4695558","StyleMakers Footwear","7765 Washington Drive"
"225946","StyleMakers Footwear","63846 Burrows Point"
"5219135","Elite Shoe Distributors","6 Grover Place"
"6719430","StyleMakers Footwear","4010 1st Park"
"3727716","Classic Shoe Traders","3 Oak Valley Alley"
"7466737","Comfort Feet Suppliers","6 Bowman Point"
"6765382","Shoe Warehouse","71 Dayton Junction"
"6225801","Comfort Feet Suppliers","122 Welch Park"
"6200431","FootJoy Distributors","7723 Nancy Plaza"
"8228367","Classic Shoe Traders","51761 Anhalt Junction"
"2451938","BestFit Shoe Suppliers","17 Menomonie Place"
"1710866","Fashion Forward Shoes","8 Tony Place"
"1572971","Prime Shoe Imports","31 Buena Vista Road"
"53150","Footwear Direct","535 Shopko Plaza"
"4993801","StyleMakers Footwear","8558 Texas Place"
"9762742","StepUp Shoes","0 Hallows Trail"
"1788289","BestFit Shoe Suppliers","2599 Crownhardt Court"
"3550803","Comfort Feet Suppliers","639 Sunfield Alley"
"4283084","Shoe Warehouse","66 Jackson Plaza"
"5307683","AllStar Footwear","94367 Hudson Street"
"9444117","Classic Shoe Traders","748 Northport Way"
"9406968","Shoe Warehouse","22875 Dexter Circle"
"1835725","SoleSource","13 Pleasure Circle"
"3559121","Elite Shoe Distributors","3683 Brickson Park Terrace"
"8888080","BestFit Shoe Suppliers","4 Waxwing Alley"
"7604099","Shoe Warehouse","64257 6th Parkway"
"4062511","Footwear Direct","23825 Mayfield Road"
"2253649","StepUp Shoes","2 Anniversary Crossing"
"7803070","ShoeSense Suppliers","2 Sommers Alley"
"6221366","FootJoy Distributors","9 Coleman Parkway"
"6284398","Quality Footwear Supplies","07680 Commercial Alley"
"730701","Global Shoe Co.","1821 Ridge Oak Alley"
"3985127","StyleMakers Footwear","23414 Buhler Circle"
"872450","FootJoy Distributors","967 Dixon Parkway"
"7740561","Stepwise Shoe Suppliers","664 Granby Crossing"
"8518737","ShoeSense Suppliers","44 Algoma Parkway"
"325312","StyleMakers Footwear","80 Pennsylvania Crossing"
"2421504","StepUp Shoes","2604 Wayridge Street"
"8701697","Comfort Feet Suppliers","7 Dovetail Alley"
"9622498","Reliable Shoe Wholesalers","491 La Follette Center"
"7323083","Comfort Feet Suppliers","537 Vernon Plaza"
"2450232","Reliable Shoe Wholesalers","67816 Hallows Way"
"6159989","Fashion Forward Shoes","99 Fieldstone Center"
"9630909","Shoe Warehouse","287 Reindahl Center"
"4895345","BestFit Shoe Suppliers","75017 John Wall Circle"
"6585921","Global Shoe Co.","21 Monica Alley"
"2370676","Classic Shoe Traders","998 Corscot Lane"
"9592079","StepUp Shoes","5746 Jana Circle"
"6100803","Elite Shoe Distributors","980 Lerdahl Road"
"7742405","Stepwise Shoe Suppliers","46984 Pleasure Center"
"5645856","FootJoy Distributors","74660 Dapin Circle"
"8066635","ShoeSense Suppliers","617 Bunker Hill Junction"
"8319717","Shoe Warehouse","06 Dwight Pass"
"2641930","Shoe Warehouse","1 Carpenter Trail"
"1867581","Stepwise Shoe Suppliers","8210 Hagan Place"
"2651012","Trendy Soles","4 Maryland Pass"
"8657333","Footwear Direct","56207 Alpine Street"
"9788951","StepUp Shoes","59 Birchwood Pass"
"5273842","Stepwise Shoe Suppliers","36610 Lukken Place"
"9305374","Shoe Warehouse","638 Homewood Place"
"2584503","Prime Shoe Imports","10646 Tomscot Court"
"1134241","Footwear Direct","718 Dayton Drive"
"7909387","Comfort Feet Suppliers","91286 Center Point"
"6793250","Trendy Soles","57054 Lighthouse Bay Parkway"
"8736409","Reliable Shoe Wholesalers","5 Mayer Alley"
"5022726","Fashion Forward Shoes","94226 Jenna Crossing"
"3822759","Prime Shoe Imports","558 Jay Alley"
"297592","Trendy Soles","10037 Golf Terrace"
"3093876","Fashion Forward Shoes","0 Little Fleur Court"
"7735209","Elite Shoe Distributors","02792 Jackson Place"
"2478445","ShoeSense Suppliers","04617 Vera Crossing"
"29916","FootJoy Distributors","5 Lunder Terrace"
"5940652","Sole Solutions","717 Pankratz Terrace"
"697824","StyleMakers Footwear","03619 Comanche Circle"
"7252635","Comfort Feet Suppliers","7 Hintze Plaza"
"224464","SoleSource","4 Emmet Plaza"
"8397661","StyleMakers Footwear","7411 Mandrake Pass"
"7254132","FootJoy Distributors","25 Golf Circle"
"1798154","Global Shoe Co.","10 Di Loreto Plaza"
"3459438","Fashion Forward Shoes","42216 Walton Court"
"4196521","Stepwise Shoe Suppliers","25429 Sutherland Circle"
"4169897","Quality Footwear Supplies","31 Bayside Lane"
"8173686","Comfort Feet Suppliers","6244 Arapahoe Parkway"
"5237554","ShoeSense Suppliers","9 Claremont Court"
"6508871","Reliable Shoe Wholesalers","6502 Prairie Rose Avenue"
"5287616","StepUp Shoes","76 Menomonie Point"
"4506367","Reliable Shoe Wholesalers","31 Southridge Avenue"
"111013","Quality Footwear Supplies","31861 Fallview Trail"
"6488386","Elite Shoe Distributors","0 Arkansas Center"
"1957893","Trendy Soles","55634 Bobwhite Crossing"
"8892652","Sole Solutions","54850 Westerfield Terrace"
"3318576","StepUp Shoes","1486 Bartillon Park"
"2341297","BestFit Shoe Suppliers","7298 Jay Road"
"1378746","Footwear Direct","8 7th Avenue"
"6021764","ShoeSense Suppliers","55 Havey Center"
"5322180","FootJoy Distributors","02 Londonderry Crossing"
"6094233","Quality Footwear Supplies","608 1st Court"
"563964","ShoeSense Suppliers","43 Canary Plaza"
"8534099","Sole Solutions","6 Ruskin Hill"
"626415","Quality Footwear Supplies","8 Crest Line Park"
"4252219","StepUp Shoes","3722 Hansons Crossing"
"2550619","StepUp Shoes","82099 Pierstorff Trail"
"9860602","Trendy Soles","316 Fordem Pass"
"7050628","Stepwise Shoe Suppliers","6562 Sullivan Park"
"6389275","SoleSource","30 Lotheville Terrace"
"6953780","Comfort Feet Suppliers","6 Service Point"
"4069572","AllStar Footwear","1 Almo Junction"
"3129728","ShoeSense Suppliers","77356 Crest Line Crossing"
"9131759","Elite Shoe Distributors","1 Mandrake Drive"
"1910946","Elite Shoe Distributors","5838 Loeprich Road"
"6862925","Classic Shoe Traders","8 Meadow Valley Plaza"
"8234493","Prime Shoe Imports","34 Warrior Parkway"
"1239902","Global Shoe Co.","18127 Lyons Center"
"7266007","Trendy Soles","408 International Pass"
"5463354","Footwear Direct","231 Holy Cross Center"
"9928609","Reliable Shoe Wholesalers","9776 Petterle Court"
"3809937","Global Shoe Co.","4053 Debs Plaza"
"6952136","Fashion Forward Shoes","407 Waubesa Way"
"8018757","Footwear Direct","825 Bartillon Court"
"2945183","SoleSource","923 Sunbrook Hill"
"657764","Fashion Forward Shoes","94 Browning Junction"
"8865401","Prime Shoe Imports","6993 Maple Street"
"7134756","StepUp Shoes","766 5th Plaza"
"748969","StepUp Shoes","244 Union Road"
"729203","Footwear Direct","3811 Blue Bill Park Drive"
"3377763","Trendy Soles","08 Hoard Hill"
"6381102","Footwear Direct","47721 Calypso Point"
"3029896","Trendy Soles","36682 Artisan Junction"
"283197","AllStar Footwear","454 Hollow Ridge Parkway"
"8721132","ShoeSense Suppliers","8987 4th Point"
"4689532","FootJoy Distributors","48980 Bayside Parkway"
"3047283","Stepwise Shoe Suppliers","1 Main Plaza"
"4870998","Footwear Direct","393 Crest Line Street"
"460618","AllStar Footwear","90893 Swallow Center"
"6584355","BestFit Shoe Suppliers","0 Hayes Point"
"1162999","SoleSource","81353 Hazelcrest Court"
"2594002","Sole Solutions","505 Eggendart Road"
"4463398","Quality Footwear Supplies","7 Stuart Avenue"
"1987053","AllStar Footwear","7979 Lukken Alley"
"6376072","Prime Shoe Imports","0488 Tomscot Point"
"3023240","StepUp Shoes","753 Kedzie Terrace"
"3868286","StepUp Shoes","37 Victoria Court"
"289994","Shoe Warehouse","68 Corry Plaza"
"8584720","ShoeSense Suppliers","745 Clyde Gallagher Junction"
"9784706","StepUp Shoes","108 Londonderry Way"
"6329016","BestFit Shoe Suppliers","21524 Heath Place"
"4505127","Prime Shoe Imports","74 Old Shore Drive"
"2372252","Prime Shoe Imports","25 Pennsylvania Way"
"4861811","Reliable Shoe Wholesalers","5 Weeping Birch Street"
"1740577","Fashion Forward Shoes","80211 Crowley Center"
"3262405","SoleSource","28 Novick Center"
"4063219","Elite Shoe Distributors","20084 Glacier Hill Lane"
"568096","Fashion Forward Shoes","10 Cherokee Pass"
"6567434","Stepwise Shoe Suppliers","8763 Barby Road"
"4740968","AllStar Footwear","5757 Gale Parkway"
"1209413","Sole Solutions","2226 Clyde Gallagher Alley"
"4808260","StyleMakers Footwear","7 Golf Crossing"
"2604224","Trendy Soles","19 Pearson Place"
"4481132","ShoeSense Suppliers","04 Talisman Avenue"
"4778365","FootJoy Distributors","73065 Melvin Terrace"
"5975896","Footwear Direct","72 Village Place"
"4412246","Stepwise Shoe Suppliers","01 Maywood Point"
"6673084","SoleSource","4728 Gateway Drive"
"2325460","SoleSource","346 Lawn Lane"
"5401746","Elite Shoe Distributors","42580 Buena Vista Road"
"8527892","FootJoy Distributors","34175 Hudson Trail"
"9548623","Comfort Feet Suppliers","35 Russell Drive"
"2750413","Shoe Warehouse","7990 Florence Street"
"1395676","Comfort Feet Suppliers","56967 Veith Lane"
"9782760","Global Shoe Co.","19277 Dottie Hill"
"6054935","Classic Shoe Traders","6 Kenwood Junction"
"757575","StyleMakers Footwear","119 Russell Point"
"2980385","StyleMakers Footwear","41313 Farwell Hill"
"1414493","SoleSource","84582 Boyd Circle"
"2223379","SoleSource","3 Maryland Parkway"
"8957978","ShoeSense Suppliers","712 Crownhardt Park"
"6578627","Shoe Warehouse","743 Hoepker Park"
"5367274","Elite Shoe Distributors","68 Ronald Regan Pass"
"8643225","Footwear Direct","3 Waubesa Junction"
"28247","ShoeSense Suppliers","94 Maryland Pass"
"3282048","Comfort Feet Suppliers","22079 Jay Place"
"2904829","Footwear Direct","74142 Bayside Road"
"6668412","Trendy Soles","62 Dapin Avenue"
"4125126","Fashion Forward Shoes","285 Hauk Court"
"8675205","Trendy Soles","056 Nova Park"
"9938564","Quality Footwear Supplies","06101 Waxwing Lane"
"6392329","Reliable Shoe Wholesalers","6 Chinook Alley"
"4413347","BestFit Shoe Suppliers","80049 Rutledge Alley"
"1114568","AllStar Footwear","8785 East Crossing"
"8469335","AllStar Footwear","7 Merrick Court"
"6394958","Classic Shoe Traders","4499 Acker Way"
"6630159","Reliable Shoe Wholesalers","73 Nevada Point"
"6887725","ShoeSense Suppliers","1399 Charing Cross Alley"
"2728654","Global Shoe Co.","76 Victoria Avenue"
"3948630","FootJoy Distributors","61 Amoth Point"
"456369","AllStar Footwear","12 Waxwing Alley"
"7266774","Reliable Shoe Wholesalers","70715 Bayside Hill"
"6549137","StyleMakers Footwear","14 North Parkway"
"5170434","StyleMakers Footwear","8 Mcbride Trail"
"4390989","Footwear Direct","22204 Nelson Court"
"1481306","StepUp Shoes","99 Anthes Center"
"3473471","Footwear Direct","05482 Vernon Crossing"
"5592827","Global Shoe Co.","8 Norway Maple Drive"
"3745187","Prime Shoe Imports","108 Clemons Parkway"
"3564030","SoleSource","846 Scott Pass"
"3302755","Stepwise Shoe Suppliers","88 Tony Junction"
"681112","BestFit Shoe Suppliers","9 Hayes Circle"
"3447974","BestFit Shoe Suppliers","98723 Maryland Alley"
"6043291","Global Shoe Co.","1951 Maple Wood Alley"
"6152140","Trendy Soles","510 Northport Alley"
"5454306","ShoeSense Suppliers","3073 Service Park"
"3783185","AllStar Footwear","305 Stone Corner Way"
"7743215","AllStar Footwear","98 Merry Drive"
"773008","StepUp Shoes","2713 Hintze Park"
"4722206","AllStar Footwear","2417 Namekagon Alley"
"3309801","Quality Footwear Supplies","3334 Sloan Drive"
"40040","Fashion Forward Shoes","510 Daystar Junction"
"7455748","Global Shoe Co.","710 Hooker Terrace"
"9983849","StepUp Shoes","645 Springs Terrace"
"8341844","ShoeSense Suppliers","8 Di Loreto Junction"
"9222112","Reliable Shoe Wholesalers","4 Utah Trail"
"6589362","Classic Shoe Traders","3997 Messerschmidt Drive"
"4382640","Fashion Forward Shoes","2 Golf View Hill"
"9242971","BestFit Shoe Suppliers","40 Gina Trail"
"6060246","AllStar Footwear","29760 Atwood Pass"
"1721988","Fashion Forward Shoes","17 Vera Point"
"3808613","Classic Shoe Traders","88 Grasskamp Drive"
"7903773","Footwear Direct","53241 John Wall Parkway"
"94611","BestFit Shoe Suppliers","2 Schiller Road"
"1009896","Shoe Warehouse","70230 Stuart Street"
"7740839","AllStar Footwear","429 Prentice Plaza"
"9740174","Elite Shoe Distributors","5 Vermont Lane"
"1967091","Footwear Direct","0512 Aberg Alley"
"2340598","Classic Shoe Traders","332 Del Sol Plaza"
"1378438","Footwear Direct","02052 Graceland Street"
"6709855","Prime Shoe Imports","7 Graceland Hill"
"765134","Reliable Shoe Wholesalers","187 Golden Leaf Circle"
"2769570","Shoe Warehouse","37684 Harbort Trail"
"7228743","ShoeSense Suppliers","100 Graedel Circle"
"4443668","Prime Shoe Imports","607 Texas Pass"
"8202495","AllStar Footwear","711 Northwestern Avenue"
"4901515","Shoe Warehouse","5218 Golf Trail"
"9565137","SoleSource","8 Eliot Park"
"5345047","Shoe Warehouse","7 Veith Way"
"282336","Reliable Shoe Wholesalers","06200 Knutson Pass"
"8615581","Elite Shoe Distributors","72339 Stephen Avenue"
"437469","Prime Shoe Imports","91448 North Road"
"4504532","Prime Shoe Imports","8 Pleasure Avenue"
"8603938","Comfort Feet Suppliers","53482 Carioca Junction"
"2296773","Global Shoe Co.","37647 Buhler Road"
"5885536","Elite Shoe Distributors","01544 Randy Street"
"9988994","Quality Footwear Supplies","831 Debs Park"
"8951288","Comfort Feet Suppliers","29 Utah Hill"
"9299477","Stepwise Shoe Suppliers","89 Meadow Ridge Street"
"5160400","Global Shoe Co.","42 Lunder Way"
"1783505","ShoeSense Suppliers","8397 Eliot Lane"
"2963913","Footwear Direct","8 Bluejay Park"
"1352136","Stepwise Shoe Suppliers","32987 Sundown Court"
"5117590","Reliable Shoe Wholesalers","61 Autumn Leaf Court"
"6077289","Fashion Forward Shoes","2337 Division Place"
"1981561","Trendy Soles","064 Hoard Plaza"
"2273268","Trendy Soles","50946 Leroy Road"
"4915369","Stepwise Shoe Suppliers","1020 Di Loreto Terrace"
"7229949","Footwear Direct","73 Amoth Circle"
"7530523","Classic Shoe Traders","1412 Weeping Birch Plaza"
"2472954","StyleMakers Footwear","89741 Grasskamp Center"
"4988061","StepUp Shoes","52 Meadow Vale Lane"
"4643859","Trendy Soles","1334 Pepper Wood Park"
"8162831","Reliable Shoe Wholesalers","8 Kim Circle"
"5012613","StepUp Shoes","6 Londonderry Street"
"2807323","Stepwise Shoe Suppliers","16029 Elmside Park"
"8914097","Elite Shoe Distributors","776 Loomis Junction"
"2348551","StyleMakers Footwear","239 Canary Point"
"9053369","Comfort Feet Suppliers","48 Scofield Road"
"9484242","Classic Shoe Traders","70 Mayer Park"
"3468922","Sole Solutions","12 Fuller Drive"
"5237684","ShoeSense Suppliers","5994 Barby Pass"
"1955737","Prime Shoe Imports","87 Southridge Road"
"2829010","Sole Solutions","3582 Kensington Park"
"7477998","Elite Shoe Distributors","250 Holmberg Parkway"
"5084941","Elite Shoe Distributors","2892 Ramsey Plaza"
"9605030","StyleMakers Footwear","2801 Bluejay Pass"
"46528","SoleSource","47 Gina Center"
"215049","Quality Footwear Supplies","66 Gina Trail"
"9679283","Stepwise Shoe Suppliers","83 Mosinee Lane"
"5149888","Stepwise Shoe Suppliers","066 Dahle Court"
"2437972","Footwear Direct","62 Stuart Avenue"
"8400021","Classic Shoe Traders","48582 Mockingbird Road"
"5561250","Sole Solutions","26 Clarendon Street"
"1469315","Global Shoe Co.","21735 Forest Circle"
"9593819","StepUp Shoes","872 Raven Road"
"7881386","StepUp Shoes","671 Morrow Pass"
"2183844","ShoeSense Suppliers","44946 Straubel Street"
"3791733","Sole Solutions","56 Morning Street"
"9723368","Comfort Feet Suppliers","970 Dryden Court"
"3421931","Fashion Forward Shoes","9335 Browning Center"
"8179299","StepUp Shoes","6639 Miller Terrace"
"1674501","Stepwise Shoe Suppliers","882 Anhalt Center"
"142762","Fashion Forward Shoes","9 Bonner Road"
"7905807","FootJoy Distributors","67 Sheridan Hill"
"5102561","Global Shoe Co.","63 Kenwood Alley"
"2703402","Stepwise Shoe Suppliers","086 Sutteridge Place"
"6574366","Global Shoe Co.","28410 Mccormick Road"
"2230904","Fashion Forward Shoes","6209 Eliot Point"
"1418338","Classic Shoe Traders","10007 Cherokee Place"
"6543904","Fashion Forward Shoes","400 Oneill Park"
"2365130","Sole Solutions","8615 Mallory Terrace"
"2299330","Elite Shoe Distributors","3 Porter Park"
"8807048","Trendy Soles","72242 Golf Plaza"
"2739358","Trendy Soles","2164 International Center"
"9722019","Shoe Warehouse","789 Blaine Lane"
"9948578","Stepwise Shoe Suppliers","444 Morningstar Avenue"
"1829399","Prime Shoe Imports","43016 Becker Park"
"4255604","Elite Shoe Distributors","5751 Meadow Valley Drive"
"7223800","Elite Shoe Distributors","949 Longview Junction"
"2461616","StyleMakers Footwear","592 Anthes Pass"
"2707366","Footwear Direct","74348 Arapahoe Way"
"7614673","SoleSource","0 Moose Drive"
"5577824","Footwear Direct","28235 Saint Paul Pass"
"1236769","BestFit Shoe Suppliers","9776 Rockefeller Place"
"1874361","Fashion Forward Shoes","055 Lunder Avenue"
"4289318","Fashion Forward Shoes","7325 Anzinger Trail"
"5263064","BestFit Shoe Suppliers","087 Corscot Avenue"
"1179519","SoleSource","20672 Heffernan Lane"
"4618331","ShoeSense Suppliers","310 Arkansas Court"
"6764298","BestFit Shoe Suppliers","140 Cascade Plaza"
"8073163","ShoeSense Suppliers","6 Oriole Trail"
"5631495","Reliable Shoe Wholesalers","1 Haas Crossing"
"4747365","BestFit Shoe Suppliers","234 Fair Oaks Road"
"2661784","StepUp Shoes","89 Amoth Hill"
"6749459","Prime Shoe Imports","2 Arizona Circle"
"3569216","FootJoy Distributors","0 Maple Wood Pass"
"7326684","AllStar Footwear","99 Mitchell Street"
"8605581","Comfort Feet Suppliers","526 Hagan Lane"
"1387910","Reliable Shoe Wholesalers","13 North Avenue"
"7221599","BestFit Shoe Suppliers","8397 Lakewood Circle"
"948484","AllStar Footwear","89515 Loftsgordon Plaza"
"3479944","Shoe Warehouse","557 Burning Wood Plaza"
"2997791","Quality Footwear Supplies","4 Walton Parkway"
"1216273","BestFit Shoe Suppliers","7 Emmet Road"
"974904","Shoe Warehouse","8329 Menomonie Road"
"6354348","ShoeSense Suppliers","5 Susan Road"
"2452613","Quality Footwear Supplies","561 Blackbird Terrace"
"4789347","Trendy Soles","86047 Bunting Court"
"9541670","Sole Solutions","38 Pepper Wood Center"
"831767","SoleSource","59842 Hallows Center"
"4649691","Footwear Direct","91985 Warrior Terrace"
"4664015","Quality Footwear Supplies","1671 Gateway Parkway"
"7859122","Trendy Soles","93 Bayside Court"
"6194893","BestFit Shoe Suppliers","71 Chive Plaza"
"8158556","Global Shoe Co.","63 Menomonie Lane"
"2277052","Shoe Warehouse","6 Kipling Center"
"2164080","Footwear Direct","5 Trailsway Point"
"8343423","Elite Shoe Distributors","1421 Havey Hill"
"6465755","Stepwise Shoe Suppliers","67530 Helena Street"
"563133","Sole Solutions","6 Kim Pass"
"9731231","BestFit Shoe Suppliers","8617 Ridgeway Plaza"
"7026130","Sole Solutions","4031 Golf Course Crossing"
"8018428","AllStar Footwear","2 Sloan Lane"
"1988208","Shoe Warehouse","5871 Troy Way"
"6519873","SoleSource","5 Acker Crossing"
"9582342","StepUp Shoes","3 Jana Parkway"
"6415838","Elite Shoe Distributors","050 Scott Lane"
"6691700","Quality Footwear Supplies","4399 Mariners Cove Point"
"3985494","Fashion Forward Shoes","9809 Summer Ridge Pass"
"3988716","BestFit Shoe Suppliers","1124 Surrey Lane"
"6133382","Reliable Shoe Wholesalers","8 Myrtle Plaza"
"3463728","Quality Footwear Supplies","37 Burrows Parkway"
"4168752","Stepwise Shoe Suppliers","0 Hayes Avenue"
"5601505","SoleSource","1979 Lakeland Place"
"9058226","Trendy Soles","06 Stang Junction"
"5165487","Stepwise Shoe Suppliers","05377 Kim Terrace"
"4845572","Fashion Forward Shoes","6 Merrick Parkway"
"9091387","StepUp Shoes","502 Talmadge Alley"
"5573040","Fashion Forward Shoes","128 Butternut Court"
"7036294","Fashion Forward Shoes","6 Fisk Terrace"
"2480547","Sole Solutions","3307 Michigan Road"
"7480285","AllStar Footwear","3 Moose Avenue"
"5392931","StepUp Shoes","6328 Kinsman Road"
"1425963","SoleSource","77742 School Court"
"2493481","Trendy Soles","65 Graceland Court"
"5775402","Global Shoe Co.","915 Sachtjen Place"
"9452024","Quality Footwear Supplies","920 Sachtjen Circle"
"577898","AllStar Footwear","301 Sunnyside Pass"
"7869895","Classic Shoe Traders","969 Weeping Birch Crossing"
"4085830","Footwear Direct","82 Hanover Pass"
"5915974","Global Shoe Co.","22208 Hayes Drive"
"6741989","BestFit Shoe Suppliers","130 Shasta Avenue"
"8617891","StepUp Shoes","67 Debs Circle"
"4662527","Prime Shoe Imports","65067 Leroy Center"
"510490","BestFit Shoe Suppliers","90884 Artisan Point"
"1967019","Reliable Shoe Wholesalers","2889 Welch Court"
"5495855","BestFit Shoe Suppliers","43 4th Crossing"
"3245056","StyleMakers Footwear","2 Badeau Place"
"9848238","Shoe Warehouse","880 Algoma Way"
"4894709","StyleMakers Footwear","645 Macpherson Junction"
"1840973","Sole Solutions","8600 Crowley Circle"
"251560","AllStar Footwear","115 South Plaza"
"429521","ShoeSense Suppliers","8 Bunker Hill Circle"
"839061","BestFit Shoe Suppliers","59854 Michigan Center"
"15449","Global Shoe Co.","19982 Hooker Plaza"
"417746","Shoe Warehouse","98722 Crownhardt Terrace"
"4619964","Comfort Feet Suppliers","9403 Clove Lane"
"6001601","BestFit Shoe Suppliers","0960 Village Green Pass"
"5631776","SoleSource","4452 Village Lane"
"9553551","Global Shoe Co.","4165 Johnson Road"
"2830255","Trendy Soles","136 Kennedy Trail"
"1759373","FootJoy Distributors","99 Graedel Trail"
"5254137","BestFit Shoe Suppliers","8086 Continental Place"
"2178877","SoleSource","63 Paget Hill"
"7811413","StepUp Shoes","1468 Sunbrook Center"
"1468507","SoleSource","669 Loeprich Pass"
"9655142","SoleSource","3968 Novick Road"
"62081","Classic Shoe Traders","172 Warbler Junction"
"639405","FootJoy Distributors","4 Blue Bill Park Alley"
"9974023","BestFit Shoe Suppliers","20 Holy Cross Circle"
"6662268","Global Shoe Co.","595 Debra Lane"
"414330","Elite Shoe Distributors","0 Steensland Road"
"6604870","Sole Solutions","8522 Hanover Point"
"7127213","Elite Shoe Distributors","13 Fair Oaks Lane"
"7986085","FootJoy Distributors","737 Main Street"
"4261230","FootJoy Distributors","18 Meadow Vale Plaza"
"5862309","Comfort Feet Suppliers","0 Veith Lane"
"9676788","Quality Footwear Supplies","97499 Melvin Hill"
"1624889","SoleSource","6 Green Pass"
"9084110","BestFit Shoe Suppliers","706 Bonner Center"
"7188547","Sole Solutions","13 Kennedy Road"
"9823373","Elite Shoe Distributors","1526 Stang Pass"
"4434399","ShoeSense Suppliers","4 Oak Valley Avenue"
"8829292","AllStar Footwear","2001 Mariners Cove Hill"
"4264143","Fashion Forward Shoes","9833 Forest Crossing"
"6942154","Stepwise Shoe Suppliers","035 Farmco Way"
"5798678","Quality Footwear Supplies","37 Lakewood Gardens Trail"
"2213775","Classic Shoe Traders","6 Homewood Road"
"8025718","AllStar Footwear","25 Stone Corner Trail"
